author_id,genre_id
1,2
1,868
2,2
4,869
5,2
5,11
6,869
6,70
9,869
9,870
12,2
12,159
13,868
13,871
14,869
15,77
15,73
17,2
17,16
18,11
18,105
18,2
19,5
19,2
20,869
21,872
21,22
22,33
22,873
23,2
23,33
26,869
29,874
30,869
30,875
31,876
31,33
31,2
34,91
34,33
35,2
36,869
36,33
36,34
39,877
39,872
41,91
41,6
44,869
45,869
45,68
48,2
48,63
50,868
52,868
56,875
57,2
57,870
58,869
59,873
59,869
59,878
62,873
62,869
63,869
64,24
66,24
67,869
67,33
68,869
68,870
68,879
70,34
70,873
74,869
74,880
75,873
75,869
76,869
76,870
77,869
78,869
78,868
79,869
79,868
81,5
82,876
85,869
85,880
86,881
86,873
86,868
87,873
88,2
89,2
92,869
92,877
93,875
94,33
94,52
97,2
97,33
99,872
100,869
101,869
101,24
101,868
102,33
104,874
105,24
105,22
107,873
107,869
108,869
108,868
109,869
110,2
110,59
111,869
112,869
113,33
113,880
113,869
115,868
115,875
116,869
116,874
118,869
118,874
119,869
120,873
120,869
122,2
123,869
123,875
124,2
125,880
126,68
126,869
129,868
130,868
130,877
131,869
131,68
132,2
132,33
134,869
134,34
136,2
136,33
136,31
140,873
141,869
142,2
143,24
143,33
144,869
144,880
145,873
145,33
145,869
147,2
147,34
147,878
148,2
148,33
148,870
151,24
152,63
152,34
152,205
153,869
154,2
156,2
156,34
158,22
158,59
159,2
159,870
159,70
163,71
163,33
163,2
164,877
165,876
166,880
168,869
168,868
169,869
171,868
172,876
173,869
176,2
176,34
176,870
178,875
181,2
184,877
185,869
185,6
188,869
188,68
191,869
191,875
192,869
193,873
193,869
194,873
196,882
196,869
196,33
197,882
199,33
199,73
199,34
207,876
207,2
207,31
209,869
211,2
211,19
213,37
213,11
213,2
216,875
216,11
216,70
217,2
217,33
218,869
219,70
220,873
220,5
220,2
222,873
224,869
225,2
225,71
226,2
226,33
230,34
230,33
230,35
231,5
231,872
232,2
233,868
233,883
234,869
235,869
239,873
240,873
241,869
241,37
242,2
246,873
247,11
250,869
251,2
251,33
253,2
253,33
256,877
257,2
257,33
258,873
258,869
263,868
263,873
265,877
266,875
267,869
268,2
269,869
269,68
273,2
274,869
275,875
276,869
276,868
277,869
278,873
280,869
280,884
286,877
287,880
287,105
290,869
294,873
296,869
297,869
297,16
298,880
299,874
300,868
301,877
302,2
302,875
302,22
304,877
306,873
306,868
307,2
307,885
309,70
309,63
313,2
313,33
313,886
314,77
314,35
315,68
315,887
315,888
317,869
317,91
319,880
319,68
319,869
320,90
321,872
321,876
321,2
322,873
322,875
323,877
324,111
324,889
325,869
327,869
327,880
329,877
329,869
331,11
332,869
333,5
333,873
333,875
334,68
334,82
337,880
339,877
340,868
340,877
340,873
341,877
342,869
342,875
343,2
344,869
344,16
344,68
345,868
347,880
347,68
347,870
348,33
348,33
349,2
349,22
350,868
351,34
351,869
351,105
352,33
352,16
354,869
354,68
355,876
356,876
358,868
358,874
359,873
360,34
360,880
361,2
362,869
362,868
362,105
363,868
365,2
365,870
366,869
366,880
367,869
367,34
370,869
370,68
371,873
373,890
374,869
376,869
377,2
378,869
379,2
379,105
379,870
380,869
380,33
381,869
381,872
382,880
385,874
386,82
386,878
387,2
387,872
387,5
389,23
390,2
390,875
391,2
391,891
391,33
393,869
393,875
395,877
396,876
398,877
398,868
399,876
399,2
399,135
400,869
405,33
405,2
405,105
407,868
407,869
407,68
408,872
408,5
408,33
409,877
410,877
411,11
411,12
412,869
414,33
419,869
420,873
420,5
420,6
421,880
421,68
422,869
423,2
423,875
423,33
424,882
425,877
426,2
428,869
429,34
434,5
435,34
435,35
436,2
436,16
436,68
438,33
438,869
438,870
442,2
446,11
449,877
451,2
452,872
453,869
454,138
454,880
456,892
457,869
458,869
460,868
461,891
462,869
462,880
463,869
464,2
464,33
464,138
466,869
466,870
466,893
467,869
467,68
468,16
468,105
468,68
471,877
473,869
474,2
475,2
475,73
476,869
476,887
477,24
479,877
480,105
481,869
481,34
481,16
483,868
483,894
484,869
486,869
487,2
493,873
496,877
497,872
499,11
500,5
500,33
501,869
501,870
502,33
502,91
502,895
504,869
504,896
505,105
508,869
509,869
509,91
511,869
514,70
514,883
515,869
515,68
516,869
516,33
516,880
517,2
517,159
518,880
523,24
523,869
524,2
524,71
524,70
525,2
527,68
527,138
528,34
528,450
530,2
531,33
533,2
533,870
535,11
535,2
536,872
537,880
537,68
539,877
540,2
540,71
542,11
543,877
544,11
545,868
546,869
547,869
548,24
548,68
549,874
550,868
550,874
551,873
562,2
562,22
564,868
564,138
565,897
565,77
566,873
568,869
568,68
569,869
570,877
573,12
575,869
576,869
576,33
576,82
577,877
577,868
579,68
580,68
582,869
582,68
583,875
584,34
585,869
585,873
586,869
586,68
587,869
589,869
589,68
591,869
594,877
595,869
596,869
596,68
597,898
598,91
601,868
602,873
603,868
603,869
605,877
605,869
606,33
606,2
609,869
611,68
613,868
614,12
615,869
615,68
616,869
616,20
617,73
617,2
619,873
620,2
621,872
621,5
622,868
622,877
623,874
623,24
624,899
625,877
626,868
626,24
626,874
627,2
627,870
627,16
628,268
628,34
628,16
631,869
632,91
634,105
634,68
635,91
635,33
637,2
637,870
638,877
639,869
639,875
640,2
640,205
640,33
641,876
642,874
643,877
644,105
644,16
647,23
647,59
648,873
648,874
651,873
652,868
652,873
653,2
654,880
654,68
655,869
657,868
657,877
658,869
659,869
660,24
660,880
660,870
663,900
663,901
663,68
667,138
667,878
668,869
668,880
669,869
669,11
670,874
670,869
671,869
672,880
673,23
674,877
676,11
676,31
676,2
677,19
679,898
680,902
680,22
680,23
681,68
683,105
683,869
684,869
685,877
686,869
686,34
688,2
688,875
689,33
689,903
691,2
691,33
691,876
693,23
694,138
694,68
695,868
695,68
696,873
697,868
698,68
698,68
700,869
701,73
701,904
702,68
703,880
703,68
704,880
704,68
705,2
706,869
706,870
708,70
708,2
711,873
712,873
714,6
714,2
714,34
716,877
717,872
718,876
718,2
720,869
721,868
721,874
721,882
723,33
724,33
724,869
724,68
725,877
726,869
727,2
727,870
727,33
729,898
729,877
730,869
730,877
731,869
734,873
734,881
735,2
735,870
736,868
736,875
740,880
740,868
741,2
741,872
741,5
743,869
743,875
744,868
745,868
745,869
746,874
748,869
749,869
749,105
750,868
751,877
752,869
753,34
753,869
754,876
754,872
756,869
756,881
756,105
758,33
761,897
761,68
762,68
762,880
763,869
763,874
764,880
766,869
767,869
768,23
769,869
770,905
770,68
772,869
774,868
774,873
775,876
775,875
776,11
777,869
778,11
779,874
783,2
783,878
784,68
784,869
784,68
784,869
788,877
789,33
789,869
789,34
791,877
792,11
793,868
794,868
795,877
795,869
796,105
796,875
800,877
801,872
804,868
804,869
805,77
806,877
807,869
807,877
808,877
809,869
809,870
810,873
812,869
813,873
814,876
815,869
815,906
818,868
818,873
819,890
820,869
824,877
824,907
825,59
825,24
826,877
827,869
827,873
827,874
828,880
829,33
829,111
830,869
830,22
832,877
832,24
833,877
833,868
834,874
835,2
836,869
839,2
839,875
840,20
840,887
841,2
843,877
844,869
845,868
845,12
847,68
847,138
848,869
849,869
850,24
851,869
851,31
853,873
855,33
855,880
858,869
858,875
859,68
859,874
861,877
861,868
862,877
863,2
863,30
864,22
865,869
870,868
871,897
872,874
873,868
873,890
874,869
875,869
878,6
878,33
878,2
881,24
881,908
882,869
883,869
883,877
884,869
884,873
886,869
886,875
888,33
888,24
888,2
889,874
891,880
892,880
892,68
893,16
893,162
893,375
894,869
894,23
895,869
896,877
897,869
898,882
901,33
903,873
904,869
904,33
906,869
906,868
907,2
907,870
909,875
911,877
912,875
912,105
912,880
913,909
913,910
913,11
914,869
914,68
915,869
915,911
916,877
917,897
918,869
918,875
919,869
919,33
920,11
920,2
921,882
921,873
921,880
925,869
925,19
926,869
926,34
928,2
928,23
928,70
929,869
929,70
930,2
930,159
931,868
931,11
932,869
933,877
934,877
935,872
936,873
936,912
936,913
938,870
938,869
938,33
939,11
940,869
940,914
941,2
944,869
945,182
945,878
946,869
946,877
947,868
948,2
948,875
948,6
949,34
959,139
959,872
961,869
962,105
962,875
964,2
964,33
966,868
967,33
967,2
968,5
969,869
970,873
970,877
971,2
971,73
972,869
973,869
973,868
974,880
975,869
975,68
976,882
977,873
980,68
981,875
981,869
983,34
983,904
985,35
985,899
986,869
987,874
991,42
991,915
992,868
992,869
993,874
993,869
995,869
995,873
995,877
996,876
996,916
996,33
1000,2
1002,869
1004,877
1005,24
1006,874
1008,868
1009,874
1010,880
1010,105
1011,869
1011,68
1013,869
1014,20
1016,869
1017,869
1017,877
1018,877
1020,869
1020,880
1021,868
1021,877
1022,33
1022,2
1024,868
1025,105
1025,869
1026,2
1026,870
1026,159
1027,874
1030,869
1031,869
1032,869
1032,875
1035,880
1035,869
1039,33
1039,903
1042,868
1043,869
1047,868
1047,869
1048,11
1049,869
1051,869
1051,874
1051,873
1052,34
1052,68
1054,68
1054,917
1054,2
1055,905
1058,876
1058,2
1061,2
1062,877
1062,868
1063,880
1063,68
1063,897
1065,918
1068,2
1070,869
1070,68
1073,2
1073,11
1074,868
1075,877
1078,11
1079,868
1079,138
1080,877
1081,877
1083,2
1083,868
1085,875
1085,872
1087,878
1088,11
1089,877
1090,878
1095,878
1096,880
1097,875
1099,869
1101,873
1102,138
1104,11
1104,877
1105,882
1111,871
1111,868
1112,897
1114,877
1114,873
1116,873
1117,877
1119,2
1120,33
1120,897
1120,869
1122,868
1123,2
1123,33
1124,869
1128,877
1128,11
1129,869
1130,877
1131,869
1131,82
1131,869
1131,82
1132,5
1132,875
1134,68
1135,16
1135,904
1136,874
1137,877
1138,2
1138,19
1139,873
1140,11
1147,91
1147,33
1149,105
1149,880
1152,2
1153,869
1156,11
1156,877
1158,6
1158,891
1158,5
1160,869
1162,869
1162,874
1163,2
1164,868
1165,68
1166,872
1166,5
1167,11
1168,11
1168,11
1169,875
1170,905
1171,22
1172,869
1173,2
1175,869
1175,16
1175,34
1178,892
1179,11
1180,68
1181,22
1182,869
1187,877
1188,138
1188,70
1189,911
1189,138
1191,138
1192,2
1192,70
1194,105
1194,71
1197,275
1199,11
1201,869
1201,875
1202,873
1202,68
1202,868
1203,877
1204,868
1205,872
1205,5
1206,869
1206,33
1208,919
1208,23
1209,33
1210,11
1211,877
1212,868
1213,869
1215,877
1215,869
1216,868
1216,11
1221,872
1221,34
1224,869
1228,874
1228,105
1228,869
1229,105
1229,875
1231,71
1231,105
1232,2
1232,33
1232,920
1233,16
1233,73
1234,23
1236,34
1236,16
1240,869
1245,873
1247,5
1247,872
1250,868
1250,877
1251,2
1252,877
1253,70
1253,2
1255,873
1255,877
1256,20
1256,68
1258,877
1259,869
1260,873
1261,921
1262,2
1263,877
1263,868
1264,2
1264,16
1264,33
1265,869
1267,872
1267,5
1270,42
1271,877
1271,868
1272,2
1273,11
1273,869
1274,877
1274,880
1275,875
1275,870
1276,869
1276,870
1278,877
1279,877
1280,869
1280,914
1281,877
1281,24
1285,875
1285,869
1286,2
1286,70
1287,868
1290,911
1290,5
1291,877
1292,869
1292,68
1294,218
1294,35
1295,77
1295,34
1295,73
1298,59
1301,869
1302,12
1303,912
1303,897
1304,882
1304,877
1304,11
1307,874
1308,2
1309,874
1310,877
1313,873
1313,869
1313,33
1320,877
1325,5
1325,12
1326,869
1326,922
1327,868
1327,105
1327,2
1328,875
1328,105
1329,878
1329,2
1330,868
1330,33
1332,869
1332,33
1333,11
1334,24
1335,905
1336,70
1338,873
1339,873
1340,882
1343,869
1347,23
1348,6
1348,11
1351,882
1351,20
1353,5
1354,869
1355,868
1362,897
1363,869
1363,880
1364,869
1364,30
1367,5
1368,869
1369,912
1369,897
1369,138
1370,875
1371,68
1371,880
1373,877
1374,869
1374,68
1376,869
1376,33
1377,874
1378,869
1379,868
1380,868
1380,11
1381,2
1384,872
1385,874
1385,11
1386,11
1387,868
1388,869
1388,875
1390,880
1391,22
1391,33
1392,868
1392,874
1393,5
1393,877
1394,871
1395,105
1395,923
1399,869
1400,105
1401,875
1401,874
1402,869
1402,33
1403,5
1403,877
1404,877
1405,34
1405,16
1407,869
1411,869
1411,875
1412,873
1414,24
1415,868
1415,874
1415,882
1417,869
1418,68
1418,20
1419,877
1422,877
1423,869
1424,869
1425,868
1425,24
1425,874
1426,872
1426,924
1427,35
1429,11
1430,877
1438,11
1439,869
1440,877
1441,869
1442,877
1443,2
1444,105
1444,68
1444,925
1447,868
1448,873
1448,869
1449,2
1449,33
1451,71
1451,926
1452,11
1452,869
1453,5
1453,875
1455,877
1455,12
1456,5
1460,71
1460,2
1460,33
1462,877
1462,24
1462,868
1464,873
1464,869
1466,872
1466,5
1467,877
1468,875
1468,19
1468,59
1470,869
1470,880
1471,874
1472,71
1472,2
1472,875
1473,899
1473,63
1474,877
1475,2
1478,11
1478,875
1480,873
1480,16
1481,105
1483,23
1484,2
1485,869
1485,63
1486,870
1486,20
1486,874
1488,868
1490,2
1492,275
1492,5
1492,19
1494,2
1494,927
1498,869
1500,869
1501,34
1501,928
1503,33
1503,70
1505,874
1505,869
1506,2
1506,898
1507,873
1507,882
1508,877
1508,910
1509,869
1511,868
1512,897
1513,873
1514,24
1515,868
1515,877
1516,869
1516,913
1517,23
1517,24
1519,868
1519,874
1521,872
1521,5
1521,24
1523,869
1524,873
1524,868
1525,22
1526,868
1527,878
1527,375
1529,2
1529,870
1529,19
1531,869
1531,881
1532,877
1533,873
1533,911
1534,869
1536,877
1536,868
1537,869
1537,33
1537,870
1538,873
1540,11
1541,868
1542,869
1542,33
1542,91
1544,869
1547,875
1548,33
1548,138
1551,869
1552,877
1554,2
1558,877
1559,869
1559,105
1562,2
1562,91
1563,869
1564,876
1567,873
1568,874
1569,874
1569,880
1573,878
1575,869
1577,929
1577,930
1578,6
1578,875
1578,931
1580,869
1580,33
1582,874
1584,873
1586,887
1586,68
1588,869
1590,868
1591,19
1592,877
1592,868
1593,869
1593,892
1596,869
1597,869
1597,877
1599,5
1601,868
1601,874
1602,868
1602,11
1603,11
1604,68
1605,2
1605,20
1606,73
1606,869
1607,869
1608,2
1609,883
1610,877
1611,2
1613,11
1614,105
1614,68
1615,868
1616,877
1617,11
1618,2
1621,5
1622,872
1623,2
1624,869
1624,138
1626,869
1627,2
1628,882
1638,932
1644,869
1644,68
1644,16
1647,873
1647,33
1648,68
1648,34
1649,2
1650,869
1651,869
1652,875
1653,875
1653,874
1655,869
1657,11
1660,877
1663,869
1663,870
1663,68
1665,869
1667,68
1667,869
1669,869
1669,873
1670,19
1670,2
1671,2
1671,33
1671,870
1674,868
1675,2
1675,59
1675,73
1676,869
1677,24
1677,5
1677,897
1680,5
1681,11
1681,868
1682,868
1683,873
1683,877
1685,2
1686,322
1686,873
1690,19
1694,869
1696,880
1698,5
1699,876
1701,869
1701,870
1702,873
1703,869
1703,870
1706,868
1706,877
1708,877
1711,2
1712,868
1714,877
1715,882
1716,873
1716,869
1718,24
1718,869
1719,868
1720,19
1721,159
1722,882
1725,11
1728,59
1729,2
1730,5
1731,868
1731,869
1733,868
1734,876
1734,2
1737,869
1738,877
1739,875
1740,899
1741,11
1742,22
1742,2
1743,874
1744,877
1745,874
1747,869
1747,897
1747,875
1749,875
1749,105
1749,874
1750,877
1752,869
1754,869
1756,869
1758,873
1759,868
1759,869
1759,911
1760,877
1761,876
1764,875
1764,70
1765,874
1765,873
1771,159
1771,34
1773,904
1774,2
1774,878
1774,870
1775,105
1776,869
1776,874
1777,877
1778,872
1779,880
1780,873
1781,877
1782,875
1782,68
1783,11
1784,869
1785,869
1785,33
1787,869
1787,933
1787,878
1790,882
1794,5
1799,904
1800,11
1801,877
1801,139
1801,872
1802,2
1803,2
1803,111
1803,22
1804,882
1807,869
1808,869
1809,11
1810,873
1811,869
1812,878
1812,70
1813,204
1813,34
1813,934
1814,882
1814,873
1815,877
1815,869
1816,869
1817,869
1818,868
1819,874
1820,873
1822,877
1824,880
1824,869
1825,877
1826,19
1826,12
1826,11
1829,877
1831,877
1831,875
1832,876
1833,935
1835,77
1835,73
1836,24
1836,869
1838,68
1839,138
1841,878
1841,105
1842,68
1843,881
1843,868
1845,869
1847,869
1847,875
1848,877
1853,2
1854,11
1857,877
1858,869
1858,82
1858,870
1860,872
1861,936
1862,5
1863,11
1865,2
1865,91
1868,35
1868,19
1870,11
1874,16
1874,138
1874,33
1878,105
1880,105
1880,878
1883,897
1884,877
1885,2
1885,870
1885,33
1886,874
1888,869
1889,877
1892,875
1896,877
1897,897
1900,869
1900,870
1902,877
1903,869
1904,874
1905,874
1906,880
1906,16
1908,24
1908,23
1909,869
1910,874
1911,11
1914,882
1916,882
1916,868
1919,868
1919,874
1920,868
1920,68
1921,877
1922,877
1923,868
1924,11
1924,20
1925,2
1927,897
1928,22
1928,23
1929,869
1932,868
1933,68
1934,19
1935,11
1935,883
1936,868
1940,897
1942,33
1942,73
1942,35
1944,2
1945,875
1947,877
1947,868
1948,869
1948,870
1952,937
1953,882
1954,5
1955,882
1955,873
1957,876
1957,111
1959,873
1959,874
1959,877
1961,874
1962,11
1962,869
1963,869
1963,880
1966,876
1966,22
1967,869
1968,11
1969,5
1972,869
1975,877
1978,16
1983,11
1986,911
1986,880
1987,34
1988,11
1989,2
1992,904
1992,16
1996,869
1996,874
1997,869
1998,868
1999,871
1999,877
2000,875
2001,11
2002,873
2004,868
2008,874
2008,869
2009,869
2010,34
2010,904
2010,16
2011,868
2011,11
2013,873
2015,105
2015,875
2017,869
2019,17
2019,870
2022,883
2025,869
2025,877
2026,880
2026,16
2026,105
2027,68
2027,880
2028,34
2028,105
2028,73
2030,34
2030,869
2031,869
2031,59
2034,882
2034,877
2036,869
2037,869
2037,874
2038,869
2039,880
2042,877
2043,868
2044,20
2045,869
2045,870
2046,869
2046,875
2047,877
2048,869
2048,875
2050,869
2051,869
2052,5
2052,2
2055,11
2056,11
2056,19
2057,868
2058,869
2058,874
2059,877
2061,869
2061,897
2064,868
2065,874
2070,34
2070,16
2073,897
2073,68
2077,138
2077,68
2078,71
2078,70
2078,875
2080,33
2080,876
2082,897
2083,877
2083,872
2084,868
2087,11
2094,59
2095,880
2096,882
2096,868
2097,68
2097,938
2098,11
2105,869
2106,34
2106,138
2110,869
2110,68
2111,872
2112,68
2113,2
2115,868
2117,869
2120,877
2120,868
2125,873
2125,869
2127,11
2129,869
2129,877
2129,23
2130,880
2132,873
2138,873
2138,880
2140,11
2141,19
2141,939
2147,68
2148,11
2149,877
2150,139
2151,869
2153,275
2153,882
2155,877
2156,877
2157,869
2157,875
2158,877
2159,869
2159,873
2162,868
2162,870
2162,869
2166,11
2168,868
2169,869
2170,868
2171,869
2173,868
2174,23
2175,877
2175,873
2177,2
2177,59
2180,869
2181,23
2181,878
2181,876
2185,869
2186,872
2186,5
2187,869
2188,5
2194,869
2195,880
2201,938
2201,912
2202,68
2202,897
2204,2
2204,5
2204,875
2206,33
2210,33
2210,869
2212,869
2213,24
2213,874
2213,868
2215,891
2215,940
2218,105
2219,874
2220,941
2221,2
2221,883
2221,70
2223,877
2223,24
2225,875
2225,11
2226,11
2227,869
2227,882
2228,11
2229,139
2231,868
2232,181
2232,899
2233,70
2233,942
2237,5
2238,869
2238,868
2239,68
2241,877
2245,869
2246,73
2246,77
2247,34
2247,105
2248,68
2248,904
2250,877
2251,2
2251,877
2252,877
2253,877
2255,873
2256,897
2259,11
2262,24
2262,868
2263,877
2264,68
2265,880
2265,138
2266,68
2268,873
2268,869
2270,873
2272,880
2272,68
2272,869
2274,869
2276,869
2276,868
2281,105
2281,68
2282,868
2282,869
2284,869
2284,877
2285,24
2286,91
2288,68
2289,882
2290,869
2290,870
2296,24
2296,12
2298,869
2298,874
2300,915
2301,877
2304,877
2335,33
2335,870
2337,875
2338,873
2338,877
2338,11
2339,2
2339,921
2340,882
2341,2
2342,872
2342,2
2343,869
2344,23
2344,59
2347,68
2347,905
2348,11
2350,897
2350,34
2354,2
2355,139
2355,23
2356,869
2359,68
2360,873
2360,875
2363,11
2364,91
2364,33
2365,869
2365,873
2366,877
2367,876
2370,275
2370,868
2373,869
2374,875
2375,11
2376,878
2377,875
2377,2
2377,943
2380,877
2380,873
2383,2
2383,876
2386,869
2387,869
2387,24
2387,870
2388,11
2389,63
2398,11
2399,11
2399,875
2401,880
2402,873
2402,869
2403,877
2404,878
2405,68
2405,874
2411,877
2413,877
2413,5
2414,11
2414,921
2414,2
2415,11
2415,875
2416,91
2416,883
2421,873
2424,23
2427,883
2427,883
2428,897
2429,874
2430,5
2431,275
2431,5
2433,880
2433,904
2436,22
2436,23
2436,59
2438,11
2440,11
2440,875
2441,869
2442,868
2443,944
2445,869
2445,870
2448,869
2450,869
2452,11
2452,868
2454,877
2455,869
2459,877
2463,68
2465,877
2466,68
2466,182
2469,877
2470,869
2470,33
2471,869
2472,877
2475,877
2476,22
2477,880
2480,882
2480,868
2482,882
2482,914
2498,877
2498,5
2500,877
2500,868
2502,877
2503,24
2504,869
2504,878
2506,24
2506,877
2507,880
2508,2
2508,19
2510,868
2510,11
2511,105
2511,68
2512,880
2514,73
2514,928
2516,34
2516,905
2519,870
2519,2
2520,2
2520,34
2522,139
2522,22
2523,11
2524,869
2525,873
2525,868
2525,897
2528,11
2528,875
2529,869
2529,921
2530,23
2533,873
2538,883
2538,945
2538,6
2541,873
2541,869
2542,869
2543,873
2543,877
2544,869
2545,869
2545,91
2546,33
2547,11
2549,869
2550,878
2551,877
2551,873
2554,73
2554,876
2554,34
2556,869
2556,33
2557,2
2558,11
2558,42
2559,880
2559,869
2561,876
2562,868
2563,880
2563,33
2565,880
2566,869
2566,873
2568,869
2568,105
2570,73
2570,77
2576,869
2578,897
2581,873
2582,869
2582,6
2585,877
2586,875
2590,869
2590,870
2591,23
2592,868
2593,71
2593,875
2593,73
2594,869
2595,869
2595,868
2596,882
2598,2
2598,33
2600,869
2600,875
2601,11
2601,5
2602,877
2603,2
2603,870
2603,33
2607,275
2607,875
2608,873
2609,2
2612,24
2612,869
2613,11
2614,868
2614,877
2617,878
2618,873
2621,11
2621,873
2621,870
2622,869
2622,873
2624,11
2625,869
2625,22
2627,878
2630,5
2630,11
2633,869
2638,868
2638,874
2641,19
2643,877
2645,68
2646,11
2647,105
2648,2
2649,11
2650,893
2650,880
2652,77
2654,868
2654,914
2655,877
2658,877
2659,11
2662,877
2663,33
2663,869
2665,914
2665,877
2665,914
2665,877
2666,877
2668,872
2669,138
2669,876
2672,63
2673,869
2673,875
2674,2
2678,869
2678,874
2680,869
2682,37
2682,875
2683,869
2684,11
2684,19
2685,20
2685,868
2686,914
2687,914
2688,875
2690,869
2690,33
2690,34
2691,877
2695,877
2695,11
2701,105
2701,53
2703,877
2705,33
2705,869
2706,877
2706,868
2707,887
2708,874
2710,868
2711,869
2712,898
2714,11
2714,12
2715,872
2716,869
2717,946
2720,68
2720,897
2721,105
2721,68
2722,905
2727,2
2728,877
2728,873
2730,869
2732,182
2732,878
2733,2
2733,878
2734,2
2734,111
2742,59
2743,2
2743,883
2744,880
2744,912
2746,11
2747,868
2749,68
2752,22
2752,139
2754,869
2754,877
2755,877
2766,877
2768,11
2769,874
2769,11
2770,869
2770,68
2771,873
2772,33
2772,869
2772,911
2775,869
2776,874
2777,877
2779,869
2780,82
2781,875
2781,22
2782,873
2784,869
2784,911
2785,876
2786,2
2787,869
2788,914
2789,921
2790,869
2791,869
2792,875
2792,869
2793,874
2793,59
2794,2
2798,5
2800,873
2801,33
2803,868
2804,873
2804,877
2805,71
2805,82
2806,34
2812,875
2815,882
2818,69
2821,868
2822,16
2822,105
2825,868
2826,874
2827,877
2827,873
2828,19
2828,11
2829,11
2830,875
2831,877
2832,870
2835,105
2836,868
2837,869
2840,873
2840,882
2842,2
2842,878
2842,82
2844,877
2855,2
2855,139
2857,897
2863,874
2864,869
2865,870
2865,874
2865,73
2866,937
2867,2
2867,105
2867,375
2868,869
2869,869
2872,11
2874,35
2874,899
2874,878
2876,868
2877,20
2878,880
2880,877
2881,11
2881,874
2884,2
2884,71
2885,11
2888,869
2888,91
2888,875
2891,869
2893,869
2893,68
2895,875
2895,11
2896,2
2897,880
2897,33
2897,881
2899,869
2899,870
2899,16
2901,869
2901,870
2901,16
2902,2
2905,877
2908,889
2909,19
2909,11
2912,878
2913,899
2913,63
2914,877
2915,875
2916,34
2919,898
2922,868
2925,33
2925,869
2926,870
2926,33
2928,11
2929,33
2932,869
2932,875
2935,880
2936,873
2937,869
2938,877
2939,869
2942,869
2942,880
2943,875
2944,936
2944,11
2949,91
2953,877
2956,873
2957,868
2958,882
2959,874
2961,877
2962,869
2962,11
2964,68
2964,947
2965,875
2966,869
2966,873
2968,5
2969,869
2970,873
2977,880
2978,948
2982,877
2983,2
2984,869
2985,16
2985,897
2986,882
2986,68
2987,2
2987,877
2989,869
2992,897
2992,105
2993,869
2993,877
3003,877
3003,868
3006,876
3007,70
3008,897
3008,34
3012,874
3013,11
3014,31
3014,869
3016,882
3016,24
3020,877
3023,882
3024,875
3024,875
3025,914
3025,877
3026,2
3026,68
3027,889
3027,19
3028,875
3028,869
3030,868
3030,877
3031,880
3033,869
3033,33
3035,869
3035,19
3038,105
3038,70
3041,882
3047,11
3049,68
3053,892
3054,68
3054,938
3055,24
3058,869
3060,869
3060,914
3065,882
3067,90
3068,877
3071,6
3071,2
3071,883
3073,2
3091,877
3092,874
3093,877
3096,873
3096,877
3097,868
3100,869
3100,870
3102,2
3104,880
3106,869
3106,874
3107,869
3107,875
3109,881
3109,882
3110,874
3111,11
3113,882
3115,882
3116,869
3116,880
3119,869
3119,870
3119,914
3120,33
3121,156
3125,20
3130,138
3130,911
3131,869
3135,869
3137,880
3137,875
3138,877
3139,880
3139,887
3143,872
3144,869
3145,105
3145,33
3149,6
3149,2
3149,883
3153,11
3153,877
3154,22
3155,2
3157,2
3158,11
3160,24
3160,22
3162,869
3166,77
3168,882
3168,873
3170,5
3170,24
3173,868
3174,874
3175,105
3176,868
3177,873
3178,869
3179,868
3179,875
3181,868
3185,877
3185,24
3186,869
3188,869
3188,874
3189,877
3190,869
3190,874
3191,873
3192,33
3192,68
3193,2
3193,159
3193,111
3194,869
3194,880
3194,897
3196,868
3196,874
3199,880
3199,33
3199,897
3202,873
3202,877
3203,877
3204,868
3205,869
3205,34
3207,869
3209,68
3209,949
3211,214
3214,868
3215,19
3216,11
3220,869
3220,870
3222,869
3222,873
3222,68
3223,2
3223,921
3225,868
3226,878
3226,70
3226,71
3230,869
3233,11
3233,868
3234,877
3234,868
3235,5
3236,873
3238,880
3238,878
3239,868
3239,868
3240,869
3240,868
3242,11
3243,875
3244,877
3247,877
3247,869
3248,869
3248,875
3249,877
3250,5
3253,876
3253,6
3253,33
3254,868
3254,11
3259,11
3260,11
3261,869
3261,33
3261,873
3262,275
3262,19
3262,11
3263,11
3264,887
3264,869
3264,33
3266,869
3266,33
3266,873
3267,11
3267,875
3267,874
3268,874
3268,868
3269,877
3269,868
3270,138
3271,873
3271,868
3272,877
3273,2
3273,33
3274,868
3274,24
3275,868
3276,892
3280,889
3283,868
3284,868
3286,868
3286,877
3287,877
3288,876
3288,5
3288,90
3290,877
3291,105
3291,897
3292,2
3292,921
3295,11
3296,5
3299,70
3300,182
3302,950
3306,877
3307,2
3311,11
3316,882
3317,869
3317,914
3318,90
3318,951
3323,868
3324,105
3324,71
3325,883
3328,869
3328,20
3329,878
3329,375
3331,869
3331,875
3332,873
3332,33
3333,881
3333,873
3336,11
3337,20
3339,70
3339,71
3339,878
3340,872
3340,5
3344,877
3344,868
3345,11
3347,873
3347,877
3348,868
3349,875
3350,139
3354,139
3354,2
3355,68
3356,873
3358,868
3358,877
3359,875
3359,868
3360,11
3361,952
3362,869
3364,953
3364,954
3364,34
3365,880
3366,138
3368,869
3369,11
3369,875
3373,905
3374,2
3375,897
3375,77
3376,869
3377,873
3378,955
3381,68
3381,105
3383,105
3383,68
3384,869
3384,68
3384,911
3386,869
3390,868
3390,877
3391,105
3395,19
3395,11
3397,869
3397,20
3398,877
3398,873
3399,877
3401,869
3401,875
3403,24
3404,872
3408,881
3408,956
3410,877
3411,868
3412,868
3412,957
3413,872
3413,22
3415,904
3417,869
3418,873
3418,877
3421,873
3421,877
3423,874
3428,914
3428,181
3432,68
3432,34
3432,897
3438,877
3439,868
3439,20
3441,874
3441,869
3443,912
3444,869
3444,16
3444,914
3446,868
3447,19
3447,23
3450,869
3452,34
3452,105
3454,33
3454,52
3454,6
3459,882
3461,33
3461,868
3461,33
3461,868
3468,873
3468,911
3470,877
3471,878
3473,35
3473,82
3473,73
3476,869
3476,33
3478,874
3482,875
3485,71
3485,878
3489,5
3489,37
3489,872
3491,138
3491,63
3492,2
3493,869
3494,275
3494,90
3494,883
3495,868
3495,875
3496,2
3497,275
3500,868
3504,869
3504,68
3506,869
3512,914
3512,11
3514,68
3514,887
3514,375
3515,877
3516,63
3516,443
3516,958
3520,2
3523,5
3523,872
3524,868
3524,868
3524,868
3525,872
3528,911
3528,105
3528,880
3529,869
3530,877
3530,959
3531,877
3531,877
3532,869
3535,33
3536,2
3536,878
3541,869
3541,34
3543,869
3544,869
3545,868
3545,24
3546,19
3546,23
3546,24
3548,880
3548,105
3552,873
3552,877
3553,873
3555,873
3555,5
3560,869
3561,34
3561,138
3565,868
3565,877
3569,34
3569,897
3571,912
3572,880
3573,882
3575,869
3575,877
3575,868
3576,869
3576,68
3577,68
3581,2
3583,2
3583,19
3584,5
3586,873
3586,105
3587,11
3588,70
3589,105
3589,68
3590,2
3595,33
3595,880
3596,873
3599,869
3599,877
3600,873
3601,138
3601,873
3602,19
3603,869
3604,869
3610,33
3610,869
3612,869
3612,872
3613,877
3613,868
3613,875
3614,2
3614,82
3614,105
3615,68
3617,869
3617,877
3618,877
3621,11
3621,12
3625,897
3626,869
3626,877
3626,911
3627,869
3627,71
3628,877
3629,877
3629,914
3630,869
3631,11
3632,869
3634,880
3638,2
3638,70
3640,880
3641,869
3643,11
3644,878
3644,20
3645,882
3645,11
3646,874
3646,2
3648,869
3648,68
3649,877
3652,868
3652,24
3653,960
3653,2
3653,873
3656,868
3658,11
3658,11
3659,19
3660,16
3661,869
3662,11
3662,875
3663,898
3664,34
3664,105
3667,874
3667,877
3668,33
3668,869
3669,877
3672,877
3673,868
3673,11
3674,876
3674,869
3675,877
3675,961
3676,34
3676,105
3681,872
3682,5
3687,869
3692,874
3693,73
3693,77
3696,874
3697,876
3697,877
3698,869
3698,870
3699,869
3699,22
3700,82
3704,962
3705,877
3705,11
3708,138
3708,34
3709,883
3711,24
3711,874
3711,887
3712,877
3712,19
3713,275
3716,877
3717,874
3718,19
3720,880
3720,68
3722,16
3722,68
3722,880
3724,869
3725,939
3726,71
3726,156
3732,868
3732,875
3733,82
3733,869
3737,877
3737,869
3738,872
3738,5
3739,20
3743,877
3746,869
3746,70
3749,877
3750,869
3750,877
3752,875
3752,897
3753,33
3753,875
3755,68
3757,24
3757,874
3757,875
3761,275
3763,869
3764,880
3765,869
3771,11
3772,11
3777,868
3778,33
3781,877
3783,869
3783,873
3784,20
3785,877
3785,868
3786,5
3788,23
3789,868
3790,877
3797,875
3798,870
3798,68
3798,33
3800,875
3801,874
3803,869
3805,877
3806,874
3807,91
3808,181
3811,2
3812,11
3813,73
3813,105
3815,877
3815,869
3816,912
3819,12
3820,2
3820,19
3823,877
3824,2
3829,877
3833,70
3841,869
3842,868
3843,5
3846,869
3849,880
3850,11
3851,876
3852,5
3853,24
3855,5
3856,877
3856,105
3858,880
3858,73
3860,872
3860,5
3861,877
3861,875
3864,875
3866,2
3866,875
3868,877
3868,12
3869,22
3870,5
3873,5
3875,34
3875,138
3875,63
3879,871
3881,19
3884,33
3885,868
3888,870
3889,869
3890,877
3897,59
3899,24
3899,868
3900,5
3902,868
3903,868
3906,22
3906,23
3907,11
3908,34
3908,105
3911,951
3912,33
3912,2
3913,877
3913,11
3917,11
3918,869
3923,19
3924,77
3925,11
3926,869
3926,875
3927,16
3927,938
3928,868
3929,11
3932,869
3934,875
3935,868
3935,877
3935,963
3936,897
3936,33
3942,872
3942,5
3943,868
3944,877
3945,873
3946,869
3947,872
3949,138
3949,34
3955,872
3955,5
3958,68
3958,204
3958,16
3962,869
3965,877
3965,869
3967,877
3969,2
3969,159
3971,914
3971,20
3972,877
3973,11
3973,11
3974,869
3975,138
3977,105
3977,904
3977,34
3978,5
3978,872
3979,877
3979,876
3982,33
3985,869
3986,275
3987,912
3989,877
3990,873
3991,375
3993,2
3994,897
3995,138
3995,878
3996,915
3997,20
3999,876
4001,869
4001,73
4001,11
4002,893
4002,880
4004,869
4009,2
4011,70
4015,877
4016,868
4017,877
4018,877
4019,869
4019,874
4020,34
4020,20
4023,11
4023,12
4024,875
4024,877
4026,964
4026,965
4026,6
4027,11
4028,2
4029,23
4029,22
4029,139
4032,877
4038,33
4038,73
4038,105
4041,873
4041,105
4041,869
4042,873
4044,876
4045,105
4045,70
4050,11
4050,966
4053,869
4053,874
4053,59
4054,882
4057,897
4057,34
4058,875
4058,874
4060,877
4063,873
4063,869
4065,967
4071,73
4072,877
4073,226
4076,877
4078,11
4078,875
4078,874
4080,2
4080,33
4080,892
4084,899
4090,880
4090,68
4092,869
4092,33
4094,2
4094,16
4095,138
4095,105
4096,23
4098,873
4099,875
4100,68
4100,911
4100,111
4109,874
4110,869
4111,11
4118,11
4120,34
4120,138
4122,877
4125,68
4125,947
4127,873
4127,24
4129,869
4133,877
4134,877
4134,874
4140,877
4141,874
4142,880
4142,938
4144,869
4145,869
4145,868
4145,873
4146,181
4146,887
4147,873
4149,11
4150,2
4153,2
4156,869
4158,875
4158,878
4159,869
4159,68
4161,877
4161,33
4162,869
4163,869
4166,890
4169,139
4170,869
4170,870
4170,68
4172,877
4173,873
4173,873
4174,868
4174,24
4174,875
4176,876
4177,11
4177,2
4180,33
4182,869
4184,868
4184,869
4186,877
4186,869
4187,868
4188,880
4189,73
4190,869
4192,877
4192,11
4194,868
4194,875
4195,868
4195,11
4196,873
4201,882
4201,873
4202,915
4204,899
4204,878
4206,874
4206,968
4207,868
4207,11
4208,11
4208,868
4210,68
4211,880
4211,869
4211,105
4215,24
4215,20
4216,869
4219,969
4220,868
4221,868
4222,868
4222,20
4225,869
4225,877
4228,970
4229,880
4231,68
4231,105
4231,71
4232,869
4232,105
4232,880
4245,869
4245,5
4246,5
4247,877
4251,33
4254,868
4254,877
4255,869
4255,24
4256,869
4258,33
4261,2
4265,868
4270,5
4270,951
4270,883
4274,11
4276,19
4277,877
4278,2
4284,23
4285,11
4286,877
4287,11
4288,59
4290,869
4294,875
4295,11
4295,875
4299,882
4299,275
4302,868
4303,869
4303,875
4305,877
4307,871
4308,68
4308,880
4311,877
4311,873
4313,872
4314,2
4316,869
4316,33
4317,868
4318,68
4319,877
4320,873
4321,20
4336,875
4337,882
4337,11
4337,868
4339,869
4339,877
4340,2
4341,868
4343,971
4343,869
4343,972
4343,971
4343,869
4343,972
4344,475
4344,16
4346,2
4347,950
4348,914
4349,19
4351,5
4351,872
4352,869
4355,877
4357,880
4357,881
4359,893
4359,880
4362,105
4362,923
4365,882
4367,868
4367,68
4368,973
4368,869
4368,33
4369,923
4369,105
4370,873
4370,875
4372,869
4373,873
4373,868
4375,873
4379,873
4380,868
4381,11
4382,877
4383,68
4384,869
4387,873
4388,869
4393,868
4393,873
4394,16
4396,868
4396,24
4397,11
4397,869
4401,869
4401,33
4408,877
4409,897
4412,873
4413,874
4413,11
4414,868
4418,877
4419,11
4423,877
4423,868
4424,868
4425,876
4427,877
4428,974
4428,869
4428,870
4430,868
4431,16
4431,34
4441,105
4442,105
4442,869
4447,877
4450,71
4451,869
4452,877
4452,868
4456,24
4456,22
4456,878
4459,911
4459,68
4464,872
4464,875
4464,5
4467,869
4467,874
4468,23
4469,872
4469,5
4470,875
4470,939
4471,875
4471,869
4472,869
4472,880
4473,875
4473,33
4473,870
4475,878
4475,105
4476,877
4476,868
4477,874
4479,873
4480,873
4482,11
4490,869
4490,877
4490,880
4494,877
4495,869
4495,875
4496,869
4496,33
4497,16
4497,869
4500,869
4504,877
4504,868
4506,869
4506,868
4508,880
4508,33
4508,30
4510,870
4510,2
4511,2
4511,70
4511,878
4514,878
4514,2
4515,34
4515,33
4517,68
4517,105
4518,868
4518,874
4523,11
4526,873
4526,875
4528,877
4528,868
4530,33
4530,31
4532,868
4534,874
4538,869
4540,873
4541,77
4542,877
4543,875
4543,872
4543,69
4545,869
4546,876
4546,111
4548,68
4548,887
4549,33
4549,869
4553,880
4553,68
4556,11
4563,33
4563,70
4564,869
4565,877
4567,959
4568,869
4569,872
4571,2
4571,70
4572,880
4572,33
4573,138
4574,873
4574,868
4579,868
4581,872
4581,5
4581,875
4593,872
4593,5
4594,868
4599,35
4606,877
4609,877
4609,880
4610,887
4611,877
4613,877
4614,11
4625,897
4626,77
4626,73
4627,138
4627,150
4628,897
4630,68
4630,20
4649,877
4650,880
4650,33
4650,869
4651,897
4651,913
4652,893
4659,12
4659,875
4660,873
4660,877
4664,875
4664,874
4666,877
4668,869
4668,868
4673,869
4674,11
4675,870
4703,24
4703,874
4705,2
4706,16
4706,71
4708,882
4712,11
4718,11
4719,872
4719,877
4720,872
4720,24
4723,11
4725,11
4727,11
4731,899
4735,2
4735,23
4738,873
4738,877
4741,878
4746,12
4746,890
4747,68
4747,34
4748,873
4750,11
4751,11
4751,975
4752,872
4754,16
4754,34
4757,11
4757,2
4758,877
4758,11
4759,90
4762,877
4768,868
4769,872
4771,11
4777,68
4777,869
4780,868
4780,33
4783,874
4783,868
4785,868
4786,24
4786,868
4787,914
4791,868
4792,24
4792,868
4793,868
4798,5
4799,869
4800,878
4800,105
4801,70
4804,877
4806,5
4814,868
4819,868
4820,868
4821,68
4823,68
4826,877
4828,868
4828,869
4831,11
4833,22
4835,68
4835,11
4840,869
4840,870
4841,880
4843,877
4844,869
4844,869
4847,2
4848,877
4851,877
4856,877
4857,868
4857,11
4859,870
4859,877
4860,877
4865,105
4865,68
4866,877
4868,105
4868,976
4869,875
4869,24
4873,874
4874,898
4874,977
4875,869
4877,875
4877,22
4881,68
4881,912
4884,899
4884,182
4889,882
4892,877
4894,914
4894,877
4895,874
4896,877
4898,873
4900,877
4902,869
4902,868
4903,2
4903,68
4904,2
4904,875
4906,68
4906,914
4908,869
4908,138
4909,978
4909,873
4910,869
4911,869
4911,874
4919,874
4919,869
4920,139
4921,875
4925,869
4925,874
4930,877
4931,877
4931,24
4933,869
4936,275
4936,868
4937,2
4937,876
4937,878
4942,869
4942,874
4945,921
4945,275
4946,105
4946,923
4947,34
4947,16
4950,868
4950,877
4952,59
4952,23
4960,882
4961,877
4962,878
4963,19
4965,877
4967,5
4969,71
4969,182
4970,869
4970,897
4975,877
4976,877
4977,11
4980,2
4981,24
4982,24
4982,872
4982,5
4983,2
4983,898
4985,877
4985,868
4988,869
4988,24
4989,878
4990,880
4990,138
4998,138
4998,68
4999,877
5000,882
5001,19
5001,11
5003,869
5003,874
5006,11
5007,877
5012,869
5014,71
5016,905
5017,874
5022,979
5024,11
5027,19
5028,875
5028,2
5028,6
5029,897
5029,16
5030,883
5030,2
5031,876
5032,5
5041,105
5041,904
5043,868
5044,11
5045,68
5046,877
5049,877
5049,877
5055,936
5057,877
5059,2
5063,2
5064,77
5064,5
5065,876
5066,59
5066,23
5069,138
5069,191
5073,2
5073,478
5074,111
5076,921
5076,921
5079,897
5081,873
5082,2
5082,70
5082,73
5083,82
5083,105
5084,35
5091,2
5092,24
5092,874
5093,869
5093,31
5094,869
5096,5
5097,5
5098,877
5100,11
5100,11
5101,869
5103,874
5104,11
5104,980
5107,868
5109,877
5112,869
5114,19
5114,11
5119,11
5120,868
5121,869
5121,68
5123,912
5123,63
5123,912
5123,63
5124,877
5124,868
5129,869
5129,11
5134,877
5137,11
5138,869
5141,873
5144,105
5148,897
5148,68
5150,880
5151,877
5153,2
5154,874
5155,868
5161,877
5166,33
5166,869
5172,5
5184,869
5184,875
5188,877
5188,868
5190,878
5190,981
5192,897
5195,875
5196,868
5196,897
5196,877
5198,877
5204,873
5205,877
5206,5
5208,877
5208,877
5209,869
5209,33
5211,12
5213,71
5213,105
5213,16
5216,876
5220,880
5220,33
5221,877
5222,868
5222,11
5223,20
5223,16
5224,869
5228,905
5228,880
5231,880
5231,68
5236,2
5237,11
5242,874
5242,880
5242,870
5244,105
5247,73
5247,878
5247,982
5249,874
5252,877
5253,875
5253,983
5256,880
5260,873
5261,73
5261,105
5263,59
5263,22
5263,139
5265,11
5266,869
5268,869
5268,872
5269,11
5270,877
5270,868
5273,873
5273,82
5284,914
5291,874
5291,869
5293,182
5295,873
5295,881
5296,868
5296,24
5297,63
5302,868
5305,869
5305,68
5306,181
5306,105
5308,869
5309,921
5311,869
5311,20
5314,868
5316,2
5319,105
5319,897
5319,904
5321,2
5321,23
5325,869
5325,878
5325,16
5329,68
5329,869
5330,869
5338,869
5338,33
5339,33
5341,19
5343,877
5350,869
5352,868
5359,873
5359,880
5362,873
5364,5
5365,11
5365,869
5366,11
5371,11
5374,16
5374,268
5374,138
5380,2
5380,875
5380,33
5381,105
5381,878
5388,138
5389,869
5390,877
5391,874
5391,59
5395,877
5396,882
5398,877
5398,19
5407,181
5407,68
5409,868
5409,870
5410,869
5428,111
5429,868
5434,11
5434,11
5442,869
5442,873
5442,68
5443,868
5444,877
5444,887
5445,68
5445,880
5447,880
5447,105
5449,868
5450,11
5455,139
5459,11
5460,11
5460,181
5461,869
5461,11
5462,11
5463,869
5465,11
5468,869
5469,874
5470,24
5470,868
5474,882
5474,875
5477,877
5478,869
5480,869
5482,5
5486,877
5492,877
5493,875
5495,874
5497,869
5497,897
5509,878
5514,869
5514,19
5520,877
5529,876
5531,869
5531,878
5532,897
5533,897
5534,868
5537,873
5537,2
5539,915
5540,877
5542,876
5543,872
5543,5
5544,873
5544,82
5544,20
5545,878
5545,911
5545,138
5546,882
5546,20
5547,71
5547,947
5548,105
5548,71
5554,869
5554,874
5558,68
5558,138
5560,877
5561,2
5561,875
5562,873
5563,11
5563,5
5564,874
5564,984
5565,11
5572,869
5572,874
5573,68
5573,82
5573,880
5575,882
5577,11
5579,138
5579,191
5584,23
5586,873
5586,868
5587,882
5591,897
5592,275
5592,22
5593,33
5595,869
5595,875
5597,869
5612,5
5612,2
5614,868
5614,877
5615,77
5615,139
5616,882
5619,19
5619,19
5622,181
5622,381
5623,873
5623,877
5630,275
5630,11
5631,22
5631,2
5631,875
5633,869
5633,877
5634,868
5636,873
5639,869
5640,877
5641,68
5641,105
5646,5
5651,11
5651,19
5653,868
5655,868
5657,905
5658,874
5660,2
5660,5
5661,880
5662,105
5663,20
5665,915
5670,77
5671,869
5671,873
5672,33
5672,869
5673,138
5674,11
5674,869
5676,11
5678,23
5679,880
5681,880
5681,68
5683,877
5683,5
5689,68
5689,105
5691,2
5692,33
5696,869
5696,873
5697,24
5701,869
5701,873
5702,985
5704,11
5704,19
5705,105
5708,873
5709,868
5710,68
5715,877
5716,897
5718,877
5718,876
5719,875
5726,11
5727,873
5727,874
5729,24
5729,870
5729,908
5730,138
5730,63
5731,33
5731,159
5738,873
5739,68
5739,16
5741,869
5741,33
5745,868
5746,105
5746,878
5750,877
5753,874
5753,59
5758,869
5760,59
5762,868
5762,24
5767,226
5767,34
5767,138
5771,22
5771,23
5776,869
5782,138
5782,34
5788,868
5788,873
5789,19
5791,71
5791,70
5791,912
5794,869
5795,11
5801,869
5801,82
5801,68
5802,897
5802,938
5805,11
5807,24
5807,874
5807,869
5809,877
5809,11
5813,16
5813,68
5818,11
5822,24
5822,874
5823,874
5824,869
5824,869
5828,68
5828,138
5831,33
5831,70
5838,914
5838,11
5846,868
5847,897
5848,5
5848,872
5849,869
5849,986
5850,34
5850,105
5852,869
5852,68
5855,33
5858,882
5859,877
5863,877
5864,105
5865,2
5868,880
5870,875
5870,869
5871,869
5871,877
5874,869
5874,33
5874,68
5876,877
5879,868
5880,868
5880,873
5880,877
5881,11
5882,897
5883,869
5885,875
5886,897
5894,873
5897,869
5900,987
5901,5
5905,875
5905,868
5906,877
5907,11
5908,869
5914,19
5917,873
5920,138
5920,150
5920,151
5923,882
5923,874
5923,868
5924,897
5927,11
5931,880
5936,868
5936,24
5938,19
5938,877
5939,877
5944,875
5945,11
5947,68
5948,875
5950,869
5951,868
5953,874
5958,873
5958,875
5962,878
5962,182
5964,16
5964,68
5966,11
5966,869
5971,868
5971,877
5974,33
5974,70
5980,873
5981,873
5981,880
5981,873
5981,880
5982,875
5982,869
5983,868
5985,869
5985,870
5986,11
5986,875
5986,988
5990,882
5990,869
5993,869
5999,68
6001,11
6004,12
6006,873
6006,881
6007,869
6007,105
6013,868
6014,873
6014,868
6015,869
6016,917
6020,869
6020,880
6021,11
6022,11
6023,868
6032,874
6033,11
6035,869
6035,30
6039,868
6042,869
6042,11
6045,875
6048,989
6050,869
6050,880
6050,68
6059,2
6059,2
6060,873
6060,877
6064,875
6066,880
6068,868
6071,877
6071,868
6072,105
6072,895
6074,873
6081,77
6083,869
6085,877
6086,921
6093,59
6095,874
6095,24
6103,2
6103,893
6104,877
6106,19
6106,2
6107,873
6113,874
6117,875
6117,875
6119,11
6123,882
6123,20
6126,11
6130,19
6131,868
6132,2
6135,5
6136,33
6137,893
6137,880
6138,869
6138,874
6139,877
6140,11
6141,869
6141,878
6142,181
6144,877
6144,868
6145,33
6147,90
6149,877
6149,883
6152,869
6152,33
6153,11
6158,905
6159,874
6163,875
6164,2
6164,883
6166,869
6166,880
6166,914
6168,105
6175,869
6175,880
6181,105
6181,880
6183,33
6183,11
6186,877
6187,20
6187,68
6193,877
6193,897
6196,990
6197,70
6197,877
6208,868
6208,875
6208,874
6210,875
6217,24
6217,23
6218,11
6218,932
6219,869
6221,868
6222,877
6225,5
6234,941
6234,5
6237,897
6237,33
6237,34
6242,876
6242,872
6243,2
6245,11
6247,2
6248,868
6251,11
6252,911
6255,876
6255,111
6257,11
6272,871
6272,871
6277,991
6277,897
6278,11
6278,19
6280,2
6283,882
6286,5
6288,2
6288,878
6290,34
6290,2
6293,59
6296,11
6296,877
6306,73
6306,77
6306,6
6314,869
6336,869
6340,869
6348,874
6348,869
6351,874
6351,877
6356,874
6356,24
6364,878
6364,105
6370,11
6373,12
6375,11
6375,19
6376,873
6377,897
6381,877
6382,11
6383,869
6383,897
6384,11
6387,11
6394,24
6394,2
6395,2
6398,11
6398,12
6413,34
6422,868
6423,2
6423,875
6424,868
6424,874
6427,874
6427,868
6428,24
6431,868
6433,868
6440,2
6440,870
6441,868
6441,870
6444,868
6456,897
6457,905
6463,914
6465,868
6467,874
6468,883
6472,2
6476,869
6476,24
6478,873
6481,889
6484,877
6487,11
6487,992
6491,932
6491,42
6494,11
6499,11
6499,868
6504,11
6504,12
6509,138
6511,2
6511,875
6512,68
6526,23
6527,11
6528,877
6529,938
6529,921
6536,873
6539,11
6539,2
6541,875
6546,2
6549,68
6549,873
6549,869
6557,874
6564,873
6565,873
6568,897
6569,275
6571,868
6573,932
6573,890
6576,872
6579,11
6583,869
6584,23
6587,19
6588,872
6589,869
6589,914
6592,877
6593,878
6594,869
6595,882
6603,11
6604,868
6604,873
6606,873
6606,869
6608,2
6608,875
6609,33
6609,993
6612,873
6615,875
6615,921
6634,868
6634,24
6635,869
6635,20
6635,68
6638,882
6641,2
6644,869
6645,868
6646,12
6649,68
6649,59
6651,869
6652,181
6652,2
6656,869
6656,897
6656,33
6657,2
6657,59
6660,873
6660,877
6661,877
6663,2
6667,34
6667,138
6675,877
6675,11
6676,877
6679,5
6680,2
6680,877
6681,876
6681,877
6689,869
6689,875
6691,897
6691,105
6693,2
6693,33
6697,877
6702,868
6703,868
6703,875
6705,33
6707,77
6712,882
6712,20
6720,138
6720,880
6727,869
6728,111
6728,33
6741,877
6742,19
6744,877
6745,11
6746,869
6746,994
6748,878
6751,921
6752,868
6752,5
6753,872
6782,868
6782,869
6790,869
6792,877
6797,873
6797,877
6799,874
6800,877
6800,11
6802,905
6805,33
6807,875
6807,33
6809,897
6814,868
6814,875
6814,105
6815,68
6815,105
6815,923
6816,877
6816,869
6817,869
6817,11
6824,878
6826,995
6828,897
6828,34
6837,70
6838,877
6839,868
6842,59
6842,874
6844,23
6846,868
6853,11
6854,868
6855,33
6860,898
6860,77
6861,11
6862,2
6878,2
6880,33
6896,904
6897,24
6897,996
6898,71
6898,33
6899,68
6902,868
6904,869
6904,873
6907,869
6907,870
6907,5
6914,33
6914,875
6916,205
6916,105
6932,68
6933,59
6934,2
6938,24
6938,875
6943,876
6952,868
6955,70
6957,105
6960,63
6962,868
6965,68
6965,880
6966,880
6971,912
6975,877
6978,68
6978,16
6984,877
6985,936
7004,869
7007,868
7007,877
7007,11
7008,11
7012,938
7016,877
7022,877
7026,877
7030,877
7031,872
7032,877
7033,873
7036,5
7041,68
7042,877
7048,880
7051,875
7051,73
7051,878
7054,873
7055,68
7055,880
7065,139
7067,875
7067,874
7069,873
7072,2
7072,5
7073,876
7074,868
7079,874
7084,33
7084,869
7086,11
7087,869
7088,869
7088,878
7090,869
7091,24
7093,5
7093,872
7111,2
7111,5
7112,24
7125,877
7125,5
7126,2
7127,2
7127,878
7130,4
7130,20
7134,897
7138,59
7138,2
7139,877
7140,875
7140,139
7142,11
7145,897
7148,2
7149,873
7152,890
7154,876
7155,2
7161,869
7161,33
7168,877
7169,2
7172,868
7174,11
7174,915
7175,2
7178,897
7182,869
7182,68
7183,875
7183,5
7185,2
7188,869
7188,20
7189,997
7191,24
7191,869
7192,876
7193,877
7194,11
7195,875
7195,877
7196,2
7198,877
7199,877
7209,73
7217,869
7219,869
7219,874
7220,880
7222,868
7223,877
7223,869
7225,878
7225,182
7227,869
7228,68
7228,938
7233,914
7234,914
7234,268
7238,877
7238,868
7238,20
7239,875
7241,868
7243,869
7247,875
7248,73
7250,897
7250,105
7252,34
7252,73
7255,898
7256,882
7261,874
7262,11
7264,877
7264,2
7265,873
7265,105
7266,869
7271,2
7273,875
7279,869
7280,873
7280,968
7284,2
7284,105
7286,868
7287,70
7287,878
7288,877
7291,68
7291,16
7293,877
7295,24
7297,877
7299,869
7304,68
7304,105
7304,938
7306,11
7307,5
7308,5
7308,70
7309,877
7310,34
7310,16
7313,22
7321,872
7321,23
7322,585
7322,998
7322,275
7324,869
7326,999
7326,105
7338,877
7339,68
7346,868
7348,877
7356,869
7356,68
7363,877
7363,19
7364,11
7365,882
7366,77
7366,19
7367,872
7371,23
7371,875
7375,869
7376,875
7384,877
7387,2
7387,82
7393,1000
7395,877
7402,875
7405,873
7405,875
7405,2
7407,34
7418,877
7421,873
7432,11
7432,22
7434,5
7436,911
7437,105
7437,71
7438,57
7438,105
7438,895
7439,873
7439,911
7441,877
7443,33
7444,869
7444,1001
7449,873
7450,875
7450,897
7451,873
7451,876
7459,2
7463,877
7464,2
7465,11
7468,868
7471,873
7471,874
7472,12
7476,877
7477,872
7480,869
7481,869
7481,921
7483,875
7485,33
7488,877
7488,873
7493,869
7493,33
7493,869
7493,33
7496,877
7499,11
7500,275
7502,868
7502,873
7504,11
7504,875
7510,11
7512,869
7513,70
7525,905
7526,873
7526,33
7526,869
7529,868
7529,877
7540,877
7541,68
7542,68
7544,869
7544,33
7546,873
7546,20
7548,912
7552,11
7554,68
7554,16
7573,868
7575,868
7576,105
7576,16
7576,880
7577,68
7577,913
7579,68
7579,869
7583,70
7587,11
7588,950
7589,11
7589,877
7592,877
7594,914
7595,873
7598,19
7610,5
7613,33
7613,2
7613,34
7614,68
7614,138
7621,893
7621,11
7622,111
7622,33
7626,20
7631,68
7631,105
7634,33
7636,5
7642,868
7648,11
7685,878
7685,105
7696,868
7696,938
7697,868
7697,24
7701,1002
7701,912
7703,882
7703,868
7714,71
7714,70
7715,105
7716,2
7719,11
7724,11
7725,11
7729,11
7731,2
7732,11
7733,869
7733,1003
7735,275
7736,874
7737,877
7738,878
7740,19
7745,2
7745,19
7748,11
7752,68
7752,16
7752,938
7753,138
7753,105
7755,876
7756,877
7757,877
7758,874
7759,24
7761,904
7762,882
7763,5
7763,876
7763,877
7764,869
7764,68
7764,880
7767,877
7771,11
7772,2
7772,875
7775,68
7775,181
7775,880
7782,877
7792,869
7795,873
7799,874
7799,875
7799,874
7799,875
7800,68
7800,105
7802,877
7803,877
7806,11
7812,869
7813,5
7821,869
7821,68
7821,938
7825,35
7825,73
7825,33
7828,11
7828,875
7829,111
7829,876
7833,63
7836,138
7836,191
7837,869
7837,68
7840,876
7841,11
7842,11
7842,868
7847,11
7848,875
7848,1004
7849,877
7849,873
7853,5
7854,19
7855,877
7858,19
7868,34
7868,2
7868,904
7870,914
7870,11
7872,873
7877,868
7878,11
7879,877
7881,869
7885,24
7887,877
7887,869
7889,11
7889,877
7891,914
7892,877
7894,11
7896,5
7896,877
7896,11
7904,11
7912,2
7912,878
7917,869
7918,2
7919,11
7919,868
7927,16
7927,68
7927,880
7928,68
7928,33
7930,869
7931,869
7934,73
7935,11
7935,868
7937,877
7938,882
7938,868
7938,24
7941,105
7941,880
7945,869
7946,105
7947,873
7956,882
7956,882
7961,2
7963,877
7965,877
7966,877
7970,869
7978,912
7979,11
7983,877
7986,877
7991,873
7991,105
7992,873
7992,1005
7993,11
7993,868
7995,139
7996,873
7997,877
7998,877
8000,870
8001,63
8001,1006
8001,1007
8006,20
8012,77
8012,875
8016,877
8022,77
8022,105
8023,105
8023,111
8023,16
8027,869
8028,869
8028,874
8033,868
8034,876
8034,877
8035,873
8035,869
8035,877
8039,24
8046,869
8047,869
8049,34
8049,897
8053,19
8055,882
8055,875
8060,11
8062,5
8072,880
8072,105
8072,68
8077,68
8078,877
8078,11
8079,868
8079,897
8081,882
8082,882
8083,12
8083,869
8085,880
8085,33
8085,869
8086,1008
8089,19
8091,11
8092,11
8092,19
8099,11
8102,876
8104,19
8104,11
8106,951
8116,868
8116,869
8126,873
8126,33
8133,11
8135,869
8136,24
8137,11
8142,869
8145,869
8146,138
8146,878
8149,875
8149,105
8150,873
8150,33
8150,880
8160,77
8167,869
8167,912
8168,869
8169,873
8173,868
8182,77
8183,877
8186,33
8191,877
8193,11
8193,889
8196,11
8197,5
8198,868
8199,868
8200,877
8202,877
8203,868
8203,874
8204,5
8205,882
8217,12
8219,873
8219,869
8223,33
8225,873
8229,5
8229,12
8229,156
8231,882
8231,873
8232,877
8234,875
8235,5
8238,877
8241,872
8241,5
8253,875
8258,897
8260,869
8260,33
8260,68
8262,24
8262,23
8263,873
8266,875
8269,877
8270,877
8273,904
8273,105
8273,73
8280,869
8280,870
8281,869
8285,880
8295,915
8301,12
8304,275
8304,11
8308,82
8308,68
8314,11
8316,869
8318,869
8318,880
8325,877
8325,876
8326,877
8327,923
8327,880
8328,63
8328,138
8331,882
8333,878
8345,33
8347,880
8347,105
8347,68
8348,875
8348,869
8352,869
8357,869
8365,869
8365,870
8365,68
8372,868
8373,11
8380,868
8380,868
8387,877
8387,869
8388,11
8394,11
8400,11
8401,870
8401,873
8401,869
8404,11
8407,33
8407,914
8407,70
8409,2
8410,877
8412,869
8416,73
8420,869
8420,873
8423,878
8424,872
8424,5
8425,873
8429,869
8431,11
8432,877
8434,868
8435,2
8437,869
8437,873
8450,928
8450,34
8450,73
8453,932
8454,869
8465,869
8465,914
8466,869
8468,868
8468,11
8475,1009
8475,82
8476,869
8478,877
8482,63
8482,899
8483,11
8495,1010
8495,1011
8495,227
8499,33
8508,2
8508,876
8512,70
8512,2
8512,105
8521,869
8521,870
8521,869
8521,870
8525,869
8525,874
8527,869
8527,33
8527,30
8532,875
8532,71
8533,68
8533,68
8534,869
8534,68
8541,11
8543,877
8543,5
8544,11
8544,877
8546,876
8547,2
8547,6
8549,275
8549,882
8551,11
8556,877
8560,23
8563,59
8566,275
8566,11
8568,877
8570,877
8570,876
8577,883
8578,11
8586,869
8586,11
8588,877
8588,868
8589,874
8589,190
8589,37
8592,869
8592,880
8592,68
8599,105
8599,68
8606,68
8606,874
8608,868
8608,874
8617,877
8622,11
8625,869
8625,877
8627,877
8628,33
8628,869
8629,11
8632,875
8636,880
8638,11
8642,33
8642,11
8642,897
8643,11
8646,877
8647,877
8650,877
8651,877
8654,878
8656,869
8660,877
8660,868
8665,873
8671,6
8671,2
8673,873
8673,882
8674,870
8676,11
8678,882
8681,2
8682,877
8682,11
8682,19
8689,34
8692,869
8697,5
8707,82
8707,68
8712,2
8714,138
8715,882
8715,275
8723,875
8723,877
8730,928
8730,897
8731,869
8731,181
8731,68
8732,882
8736,881
8737,105
8740,11
8743,19
8743,11
8746,882
8747,11
8754,877
8754,2
8761,111
8761,33
8765,22
8765,875
8767,877
8768,11
8774,11
8775,59
8777,869
8778,2
8779,105
8781,873
8782,873
8782,881
8783,880
8784,868
8785,869
8785,68
8785,881
8786,873
8793,33
8793,869
8795,874
8799,105
8799,875
8801,11
8802,68
8814,876
8814,604
8816,1012
8816,1013
8817,877
8818,68
8818,138
8824,882
8824,874
8825,951
8825,275
8827,874
8830,877
8832,1014
8834,869
8834,875
8835,869
8835,870
8837,872
8837,5
8847,11
8847,12
8859,33
8861,24
8864,24
8864,869
8864,874
8865,869
8865,868
8866,872
8866,5
8870,24
8877,868
8877,877
8880,874
8884,877
8885,877
8885,875
8888,868
8894,869
8895,22
8895,23
8898,869
8900,875
8903,2
8903,6
8906,869
8906,880
8906,105
8907,5
8908,105
8908,873
8914,11
8915,11
8916,897
8917,877
8918,869
8923,68
8924,869
8929,872
8929,877
8933,882
8933,868
8939,105
8939,880
8946,880
8949,873
8950,11
8952,68
8960,874
8960,20
8963,33
8963,875
8968,874
8971,11
8971,19
8971,883
8973,2
8974,868
8975,875
8975,77
8978,105
8978,880
8981,73
8981,77
8986,875
8989,873
8993,880
8993,869
8994,33
8994,2
8999,872
8999,24
9002,11
9003,868
9003,1015
9008,869
9009,19
9014,138
9019,876
9019,5
9020,68
9020,105
9022,875
9023,11
9041,12
9043,880
9044,68
9046,11
9047,11
9048,869
9048,68
9049,877
9052,869
9053,872
9053,5
9058,68
9058,33
9060,877
9061,22
9065,11
9068,875
9069,877
9070,868
9072,876
9072,875
9074,34
9076,868
9076,873
9078,11
9080,11
9081,874
9083,868
9088,68
9088,105
9092,868
9092,877
9099,71
9099,878
9100,868
9100,869
9103,24
9104,872
9104,189
9106,33
9106,880
9107,105
9116,79
9119,912
9119,897
9120,11
9120,19
9123,11
9125,873
9134,5
9134,100
9136,868
9136,873
9143,2
9143,23
9144,5
9154,877
9154,19
9157,874
9158,11
9162,33
9163,1016
9163,1017
9170,868
9174,869
9175,2
9178,868
9178,869
9179,105
9185,869
9185,11
9191,869
9193,868
9193,877
9198,877
9202,869
9202,874
9202,878
9208,975
9215,873
9215,880
9216,12
9217,868
9217,877
9225,880
9225,904
9229,873
9231,877
9231,868
9232,875
9233,877
9237,11
9237,19
9239,22
9239,59
9244,876
9244,877
9245,950
9251,33
9251,869
9253,869
9253,111
9258,12
9258,11
9259,873
9259,877
9261,914
9261,11
9265,1018
9267,2
9267,878
9267,33
9269,882
9283,1019
9283,882
9286,12
9286,11
9287,869
9287,880
9287,68
9292,869
9296,869
9296,59
9300,869
9341,872
9341,5
9344,877
9349,869
9349,31
9351,873
9355,19
9355,19
9362,11
9364,68
9364,105
9366,875
9373,873
9373,869
9374,34
9379,869
9380,875
9380,879
9381,19
9382,869
9383,868
9383,874
9384,11
9385,882
9387,877
9389,868
9399,877
9407,904
9407,68
9409,875
9409,877
9411,868
9411,897
9417,875
9417,11
9418,33
9418,869
9421,873
9421,33
9422,874
9422,11
9425,11
9425,876
9428,875
9429,880
9429,905
9430,869
9431,869
9433,105
9433,71
9433,59
9434,868
9440,139
9440,23
9441,877
9441,873
9446,868
9447,868
9448,869
9449,105
9449,876
9450,2
9451,883
9453,877
9460,33
9460,15
9460,82
9461,11
9461,19
9470,11
9474,877
9474,874
9476,868
9478,876
9487,875
9487,868
9490,869
9492,869
9502,880
9502,68
9509,869
9509,68
9513,68
9516,5
9519,873
9521,68
9525,882
9531,877
9542,868
9546,11
9547,873
9555,874
9556,11
9557,873
9557,869
9562,869
9563,68
9565,11
9566,880
9569,2
9569,71
9569,33
9571,874
9571,68
9572,1020
9576,877
9577,904
9577,68
9581,877
9582,873
9582,869
9583,869
9583,938
9584,24
9584,868
9587,869
9588,11
9594,11
9594,897
9595,873
9597,869
9597,875
9598,5
9602,914
9603,873
9603,877
9610,2
9625,12
9629,24
9629,868
9632,877
9632,868
9635,869
9635,887
9636,868
9636,5
9636,11
9642,874
9648,873
9652,875
9667,877
9667,914
9699,874
9699,869
9723,11
9726,873
9726,105
9726,938
9748,875
9756,11
9761,869
9801,11
9823,869
9826,33
9835,869
9838,877
9838,868
9840,869
9840,68
9848,914
9848,875
9859,874
9865,11
9868,869
9868,897
9880,869
9880,870
9900,874
9900,880
9905,868
9925,874
9926,877
9926,11
9929,877
9945,878
9957,868
9959,68
9960,33
9960,869
9967,873
9967,5
9967,877
9979,877
9979,19
9979,5
9989,869
9992,876
9998,875
10004,182
10006,11
10011,868
10018,68
10024,870
10024,869
10028,868
10040,877
10041,904
10041,204
10041,71
10050,882
10051,869
10051,11
10060,875
10078,871
10078,877
10085,11
10096,869
10113,868
10150,869
10166,877
10166,869
10166,33
10199,68
10199,869
10207,11
10217,877
10218,2
10219,868
10226,880
10260,877
10268,873
10270,5
10270,876
10279,876
10285,59
10287,869
10302,877
10303,11
10313,875
10322,877
10327,869
10327,33
10333,77
10336,275
10363,873
10363,68
10370,915
10376,1021
10390,875
10394,2
10403,889
10403,11
10404,69
10416,1022
10421,33
10421,16
10422,105
10425,877
10425,11
10426,875
10428,19
10431,868
10432,877
10433,869
10448,68
10448,912
10462,1023
10472,68
10472,105
10494,2
10502,2
10503,890
10503,871
10520,873
10520,877
10526,11
10526,874
10529,875
10536,73
10548,869
10549,71
10551,877
10569,868
10570,869
10571,105
10571,16
10586,868
10589,868
10589,875
10589,1024
10603,1025
10606,877
10607,11
10613,932
10617,897
10617,34
10649,24
10669,1026
10669,870
10669,11
10676,868
10676,11
10680,24
10682,872
10688,11
10697,12
10704,5
10714,12
10745,11
10745,875
10760,874
10779,878
10779,923
10780,877
10819,875
10819,11
10826,873
10826,877
10831,11
10831,874
10839,871
10840,869
10843,19
10855,942
10855,1027
10855,71
10862,11
10863,871
10865,77
10865,875
10874,868
10893,878
10893,70
10900,5
10903,11
10903,11
10904,875
10908,1028
10919,877
10934,904
10934,875
10935,875
10943,19
10949,869
10955,2
10957,869
10962,12
10962,11
10973,2
10979,11
10980,11
10986,11
10987,19
10996,875
11001,877
11001,873
11003,11
11009,874
11009,11
11014,873
11023,872
11029,105
11029,875
11040,59
11042,91
11042,2
11046,873
11046,869
11047,869
11067,22
11082,33
11082,11
11087,877
11087,877
11088,11
11108,24
11108,139
11117,11
11119,33
11119,16
11129,16
11129,34
11129,33
11138,2
11138,24
11147,883
11153,11
11166,870
11166,869
11182,11
11201,19
11201,59
11213,2
11218,35
11218,5
11218,19
11229,877
11232,11
11233,1029
11235,869
11235,883
11236,2
11244,11
11255,11
11256,869
11256,880
11262,275
11263,1030
11266,2
11266,875
11269,12
11269,914
11271,877
11281,138
11281,904
11281,68
11293,869
11293,880
11294,2
11299,1031
11304,899
11305,880
11311,35
11311,73
11314,877
11328,880
11335,24
11335,977
11353,24
11360,869
11361,883
11374,904
11374,1032
11392,1033
11396,875
11398,874
11430,869
11430,873
11433,11
11451,869
11451,86
11458,5
11468,5
11468,12
11470,1034
11472,876
11476,11
11477,24
11477,874
11479,105
11479,873
11492,11
11498,24
11523,882
11536,24
11537,874
11540,11
11540,22
11544,2
11554,182
11565,1035
11598,877
11598,921
11599,15
11599,870
11635,182
11643,11
11644,921
11648,11
11651,156
11653,11
11654,874
11658,33
11658,15
11682,873
11682,882
11688,1036
11695,5
11711,23
11711,22
11719,905
11719,917
11728,877
11734,874
11743,5
11747,11
11749,2
11768,877
11775,70
11775,875
11780,19
11780,11
11783,877
11802,1037
11805,70
11818,877
11820,11
11822,5
11840,5
11847,877
11852,11
11854,11
11874,5
11876,877
11880,19
11885,877
11902,11
11902,139
11910,883
11915,869
11950,59
11964,275
11971,11
11988,5
12017,77
12017,875
12017,11
12025,19
12038,2
12062,16
12062,880
12064,869
12064,182
12066,877
12066,872
12067,11
12067,19
12073,869
12081,1038
12081,5
12090,24
12103,11
12104,877
12104,877
12113,1039
12113,1040
12148,882
12148,868
12153,868
12153,874
12159,33
12161,24
12165,2
12166,877
12167,869
12171,19
12178,874
12179,5
12196,11
12214,24
12221,875
12250,869
12250,874
12266,868
12266,11
12276,875
12276,874
12278,5
12279,33
12279,2
12289,876
12313,68
12330,19
12353,24
12353,868
12363,877
12386,33
12386,2
12396,19
12399,11
12417,11
12417,19
12429,897
12457,878
12457,19
12460,19
12466,5
12484,139
12490,33
12505,874
12513,11
12518,11
12544,868
12544,2
12544,1041
12553,33
12553,70
12555,5
12556,11
12557,877
12557,877
12558,35
12558,899
12579,921
12588,23
12612,868
12615,877
12615,868
12619,873
12619,869
12620,873
12625,868
12626,5
12626,5
12631,2
12631,19
12631,878
12639,19
12654,877
12660,68
12660,105
12665,20
12685,877
12685,873
12686,877
12687,877
12688,877
12690,877
12691,877
12702,876
12730,877
12742,2
12751,877
12764,877
12772,11
12776,33
12776,1042
12792,11
12810,875
12832,877
12854,2
12862,22
12881,2
12881,22
12881,2
12881,22
12890,2
12891,11
12906,5
12915,899
12916,868
12933,77
12933,73
12941,874
12941,869
12951,11
12952,872
12952,5
12967,877
12972,19
12974,2
12979,883
12988,2
13010,1043
13010,11
13020,68
13032,68
13033,897
13033,34
13033,105
13036,33
13038,11
13038,12
13047,882
13047,868
13062,869
13069,914
13069,869
13076,2
13076,70
13090,880
13091,1005
13091,893
13099,275
13099,24
13099,22
13103,897
13106,105
13107,873
13114,2
13114,15
13114,11
13117,877
13120,868
13126,869
13133,873
13137,905
13139,890
13141,874
13141,869
13147,877
13147,873
13175,874
13175,869
13178,869
13178,11
13187,19
13191,11
13191,914
13193,11
13199,875
13199,897
13199,875
13199,897
13213,68
13213,880
13216,870
13239,869
13239,139
13243,875
13243,2
13245,877
13250,882
13250,868
13251,877
13254,868
13255,868
13255,877
13256,877
13259,33
13259,911
13264,874
13266,68
13269,11
13274,11
13276,11
13276,874
13277,11
13278,882
13278,869
13281,869
13281,923
13285,869
13290,924
13304,875
13304,5
13310,869
13312,11
13323,1014
13328,5
13328,872
13331,11
13340,869
13341,33
13342,897
13342,868
13344,877
13350,34
13350,33
13372,911
13372,68
13374,869
13404,24
13407,33
13423,11
13424,24
13435,77
13443,20
13443,16
13443,34
13444,893
13444,880
13466,869
13469,138
13469,912
13472,877
13475,877
13478,11
13489,868
13490,868
13501,877
13510,874
13514,877
13528,11
13544,5
13545,882
13545,11
13549,2
13549,1044
13550,22
13550,875
13553,869
13561,869
13561,875
13561,6
13572,1045
13572,2
13580,73
13580,34
13586,882
13593,1046
13593,1047
13593,1048
13610,869
13616,82
13628,11
13628,875
13633,68
13646,2
13646,875
13649,869
13650,873
13657,914
13666,11
13666,1049
13676,5
13694,869
13702,12
13704,1037
13704,1037
13720,882
13726,71
13726,883
13734,874
13735,11
13764,24
13772,24
13772,872
13786,24
13786,874
13797,869
13799,11
13801,105
13801,73
13801,221
13803,877
13814,2
13828,2
13830,35
13830,33
13834,874
13843,11
13851,874
13853,869
13869,11
13872,11
13873,11
13880,868
13885,876
13885,877
13889,2
13889,878
13895,869
13896,11
13897,11
13897,875
13912,2
13915,11
13916,877
13916,12
13921,869
13929,19
13934,877
13947,1050
13949,11
13979,882
13990,877
14009,22
14025,2
14025,11
14042,11
14043,899
14043,878
14057,878
14063,882
14070,2
14070,11
14072,914
14074,63
14074,899
14085,877
14088,872
14088,5
14102,11
14102,874
14103,1051
14103,876
14115,874
14118,11
14130,105
14140,11
14141,869
14141,870
14141,68
14143,874
14157,868
14157,877
14158,877
14168,275
14173,868
14198,877
14201,869
14201,876
14213,82
14214,869
14220,877
14241,873
14241,24
14260,82
14260,2
14291,874
14306,869
14306,897
14314,877
14314,5
14317,11
14333,11
14341,22
14347,12
14349,877
14349,877
14358,11
14361,2
14363,921
14370,5
14387,869
14387,16
14390,873
14391,105
14391,875
14410,877
14413,877
14426,20
14442,868
14452,877
14452,19
14461,877
14519,877
14535,878
14547,874
14564,877
14567,275
14570,2
14572,11
14579,868
14596,869
14596,868
14633,1052
14640,19
14673,24
14679,869
14679,870
14679,68
14694,2
14695,878
14715,11
14728,877
14728,873
14755,868
14758,869
14759,11
14761,880
14761,68
14764,68
14772,68
14774,869
14774,880
14774,68
14775,2
14775,875
14775,883
14783,16
14783,880
14788,182
14805,33
14809,868
14818,869
14818,68
14823,869
14828,873
14832,868
14840,22
14841,873
14841,880
14859,873
14859,877
14863,869
14863,874
14864,868
14864,875
14867,877
14868,869
14868,877
14875,897
14876,59
14877,877
14877,869
14916,33
14920,869
14920,68
14930,11
14930,880
14930,33
14934,5
14941,897
14941,77
14954,875
14969,105
14969,70
14973,868
14974,877
14981,33
14986,24
14992,11
14992,868
14994,873
14994,875
15001,11
15001,875
15003,880
15003,68
15009,868
15009,875
15010,2
15012,988
15027,877
15051,876
15064,11
15069,33
15069,880
15069,2
15071,893
15085,877
15088,5
15123,877
15128,11
15128,11
15136,869
15136,877
15139,19
15139,11
15147,878
15150,869
15150,11
15163,5
15184,880
15184,16
15213,912
15218,877
15220,877
15223,68
15225,874
15225,875
15247,877
15250,869
15265,869
15265,875
15274,868
15283,877
15283,914
15318,2
15318,11
15320,181
15323,877
15324,873
15333,897
15333,904
15342,869
15342,870
15349,2
15349,90
15353,877
15353,68
15353,911
15360,2
15360,33
15362,882
15363,868
15363,68
15371,19
15373,875
15377,877
15392,24
15395,877
15396,11
15400,914
15400,868
15405,11
15409,874
15413,16
15413,869
15416,869
15416,16
15418,19
15419,5
15420,877
15424,11
15424,875
15426,11
15429,914
15434,874
15434,875
15435,882
15444,869
15444,881
15468,869
15468,870
15473,2
15473,33
15473,34
15474,604
15474,901
15474,304
15476,11
15479,874
15489,11
15491,68
15491,880
15494,138
15494,878
15496,15
15496,71
15526,877
15542,921
15554,868
15558,914
15558,874
15562,2
15565,992
15567,11
15593,932
15594,23
15610,2
15630,5
15630,872
15634,877
15642,869
15642,875
15648,872
15648,12
15660,275
15660,1053
15661,11
15670,877
15682,877
15698,33
15723,869
15723,874
15726,1014
15726,1052
15733,877
15738,2
15758,34
15758,59
15769,875
15789,105
15794,138
15794,880
15802,868
15803,869
15812,877
15813,882
15822,873
15822,5
15824,2
15824,872
15827,876
15827,105
15840,882
15846,63
15846,912
15849,20
15865,914
15868,874
15902,869
15922,898
15926,877
15926,877
15936,877
15950,874
15963,20
15963,880
15964,875
15964,71
15975,873
15987,914
15989,914
15992,33
15993,869
15993,874
15996,875
15996,23
16002,873
16007,877
16012,869
16025,868
16026,874
16053,877
16057,877
16071,877
16078,877
16078,2
16081,34
16081,73
16092,883
16097,5
16110,877
16115,876
16118,877
16136,34
16136,138
16137,880
16161,877
16161,868
16166,905
16171,181
16171,68
16173,869
16173,70
16178,869
16178,897
16195,869
16200,11
16204,869
16204,82
16211,12
16211,11
16214,869
16214,19
16220,2
16235,869
16235,68
16240,873
16240,877
16249,897
16252,11
16252,871
16295,869
16308,33
16314,11
16314,875
16315,11
16327,868
16327,11
16329,68
16329,912
16351,868
16353,874
16358,105
16370,11
16372,11
16383,869
16414,105
16414,34
16414,73
16429,24
16434,23
16435,33
16435,1054
16447,33
16447,870
16447,869
16450,11
16453,877
16457,877
16457,868
16470,869
16485,880
16495,869
16495,156
16495,31
16497,138
16499,877
16503,877
16504,877
16519,59
16519,68
16522,68
16522,869
16522,877
16528,12
16536,882
16536,20
16547,874
16554,105
16554,880
16558,11
16563,875
16571,5
16575,882
16575,873
16585,11
16590,951
16598,11
16607,880
16607,905
16613,877
16615,11
16620,105
16633,275
16634,868
16640,874
16647,877
16647,11
16650,868
16656,877
16659,914
16659,11
16660,877
16660,12
16667,873
16671,19
16688,869
16690,875
16693,889
16694,2
16696,882
16696,873
16705,876
16708,869
16716,877
16716,877
16717,11
16718,877
16718,915
16725,12
16730,275
16730,914
16730,11
16742,873
16742,911
16743,882
16743,875
16743,275
16758,11
16764,869
16764,874
16767,877
16767,869
16781,869
16790,875
16790,77
16791,24
16812,11
16823,275
16833,2
16833,19
16836,1055
16836,1056
16836,1057
16839,68
16839,874
16848,877
16848,11
16858,19
16858,19
16869,11
16874,877
16874,105
16875,19
16876,877
16884,138
16893,877
16893,868
16905,877
16910,11
16910,100
16934,33
16942,869
16942,870
16946,875
16946,877
16948,868
16952,877
16956,874
16956,869
16972,5
16972,2
16972,872
16974,877
16983,33
16986,868
16989,880
16991,11
17007,868
17007,914
17014,932
17025,877
17036,872
17039,59
17059,874
17083,33
17083,16
17088,11
17098,181
17102,877
17102,868
17118,11
17118,19
17126,181
17126,16
17127,868
17134,877
17145,877
17148,882
17159,68
17159,868
17160,2
17164,11
17177,5
17177,24
17178,11
17180,872
17197,877
17204,11
17251,912
17251,869
17259,877
17269,869
17269,33
17277,877
17287,275
17287,11
17303,876
17309,877
17309,19
17354,877
17385,874
17391,877
17397,877
17399,869
17406,869
17417,875
17437,951
17437,90
17439,876
17439,2
17449,880
17449,105
17459,105
17459,904
17461,2
17461,82
17474,880
17474,68
17477,1058
17484,893
17490,868
17507,869
17507,33
17509,873
17515,882
17515,877
17522,869
17522,868
17524,912
17526,897
17526,880
17528,882
17542,24
17542,868
17544,24
17544,868
17545,875
17545,22
17553,16
17553,869
17553,938
17557,877
17557,105
17557,876
17564,11
17568,11
17572,11
17572,868
17602,875
17602,868
17605,875
17610,68
17612,868
17627,914
17627,11
17628,868
17645,868
17658,11
17658,1059
17671,24
17675,275
17681,914
17681,11
17681,868
17701,877
17719,893
17722,875
17722,5
17727,914
17727,11
17736,105
17741,12
17741,5
17764,877
17768,105
17768,880
17786,877
17786,868
17786,874
17797,868
17801,11
17803,876
17811,878
17811,63
17812,874
17812,68
17822,868
17826,11
17827,877
17854,11
17868,23
17868,139
17871,2
17871,872
17871,5
17881,19
17883,19
17903,877
17904,11
17911,19
17933,869
17947,68
17950,873
17951,876
17952,874
17961,872
17962,11
17963,11
17967,874
17968,877
17969,11
17969,868
17987,869
18008,868
18008,870
18031,877
18036,11
18046,868
18050,873
18052,877
18060,82
18060,870
18060,1060
18074,11
18086,869
18086,22
18094,12
18096,874
18096,873
18113,11
18114,91
18114,33
18125,876
18132,877
18144,2
18152,912
18166,11
18166,868
18172,914
18174,68
18184,875
18196,869
18215,877
18216,883
18218,914
18221,869
18221,870
18223,878
18223,19
18227,921
18228,875
18228,868
18233,2
18238,869
18241,11
18244,914
18247,12
18253,915
18276,1061
18288,275
18295,868
18295,914
18300,135
18315,874
18322,914
18322,868
18356,877
18375,11
18377,869
18377,873
18383,63
18383,878
18390,875
18402,2
18403,877
18434,877
18434,883
18441,877
18463,874
18470,11
18471,899
18474,914
18474,11
18476,874
18479,877
18482,869
18482,877
18489,33
18530,11
18532,869
18542,68
18547,5
18555,881
18555,105
18582,882
18582,875
18582,5
18585,70
18586,872
18601,11
18623,878
18623,2
18624,869
18624,33
18639,882
18641,873
18655,68
18659,874
18666,874
18672,2
18673,887
18686,876
18693,11
18693,875
18695,34
18695,16
18697,921
18697,11
18699,877
18699,868
18702,869
18702,874
18702,33
18703,869
18703,877
18709,882
18725,877
18725,938
18734,11
18735,875
18740,68
18740,105
18753,34
18753,63
18767,882
18767,868
18774,11
18780,24
18780,868
18782,275
18784,869
18786,868
18788,912
18788,897
18790,869
18790,870
18825,5
18825,877
18836,105
18837,868
18838,877
18840,875
18840,105
18840,880
18849,869
18849,139
18855,873
18855,868
18856,914
18857,914
18859,873
18859,33
18875,869
18878,82
18878,20
18879,11
18884,2
18888,875
18888,874
18907,105
18917,875
18919,874
18919,875
18922,868
18927,275
18927,1062
18927,11
18930,868
18930,23
18938,139
18950,2
18950,878
18950,70
18958,24
18966,11
18979,11
18982,873
18984,2
18984,70
19070,204
19072,11
19073,2
19073,877
19089,872
19089,5
19101,873
19109,873
19112,898
19121,875
19121,105
19122,868
19129,2
19129,70
19131,11
19134,19
19137,877
19142,100
19146,2
19146,11
19149,882
19166,5
19172,24
19178,11
19216,914
19233,156
19233,880
19234,874
19247,139
19248,868
19248,11
19264,876
19272,105
19272,71
19273,24
19280,868
19283,16
19283,73
19290,874
19305,877
19320,100
19342,874
19343,875
19343,869
19351,876
19355,882
19365,875
19365,2
19376,11
19380,869
19390,20
19410,70
19418,876
19423,2
19428,897
19428,33
19442,275
19442,5
19442,24
19452,2
19460,869
19460,33
19468,883
19470,869
19470,887
19475,11
19476,11
19486,1063
19498,24
19498,872
19500,880
19500,68
19500,59
19501,877
19503,951
19514,883
19521,23
19521,139
19521,2
19533,33
19543,33
19573,878
19620,878
19640,869
19646,873
19646,877
19652,275
19652,585
19656,1064
19657,874
19662,868
19669,897
19683,869
19683,880
19683,870
19690,5
19690,877
19691,59
19702,868
19702,11
19708,875
19732,874
19739,873
19739,870
19754,875
19754,11
19769,1065
19779,868
19780,11
19791,275
19791,11
19793,869
19794,880
19796,877
19796,869
19834,11
19859,880
19862,73
19862,105
19865,875
19865,876
19878,33
19879,869
19880,869
19880,870
19897,11
19898,877
19898,872
19900,11
19900,22
19901,11
19901,5
19907,874
19919,877
19925,11
19925,877
19925,139
19925,11
19925,877
19925,139
19934,11
19943,876
19947,11
19956,868
19958,921
19958,11
19962,924
19963,11
19965,11
20008,869
20011,868
20017,33
20019,11
20020,868
20023,19
20029,1014
20029,5
20032,869
20033,68
20033,938
20033,16
20035,869
20037,2
20043,105
20043,31
20053,11
20057,928
20057,34
20064,19
20090,950
20104,876
20104,877
20107,931
20112,876
20116,869
20129,869
20131,873
20131,869
20133,11
20134,11
20135,275
20142,877
20153,11
20160,82
20166,275
20183,23
20183,139
20199,59
20208,874
20217,2
20217,24
20217,23
20224,874
20225,868
20225,875
20247,874
20249,869
20249,881
20258,12
20265,869
20274,875
20283,877
20288,876
20289,921
20299,11
20300,11
20300,139
20314,921
20325,869
20335,872
20336,182
20343,68
20366,11
20371,877
20385,2
20385,878
20388,5
20393,2
20413,877
20413,2
20413,19
20424,11
20425,880
20438,873
20470,878
20470,105
20470,270
20473,897
20491,35
20491,73
20497,875
20497,11
20502,880
20502,105
20514,1014
20514,1066
20515,873
20515,22
20521,882
20521,869
20522,11
20525,876
20539,11
20541,869
20541,874
20544,872
20571,914
20575,77
20575,73
20578,875
20585,68
20585,869
20596,873
20604,869
20616,11
20616,19
20626,882
20626,275
20636,11
20660,877
20661,2
20670,874
20670,869
20698,11
20703,11
20708,77
20714,23
20714,878
20716,897
20719,877
20726,874
20729,2
20730,872
20730,5
20738,877
20752,19
20757,868
20760,33
20773,11
20786,914
20786,869
20787,869
20807,11
20808,71
20814,105
20835,868
20837,897
20837,33
20838,877
20838,875
20849,11
20849,868
20849,870
20851,877
20859,869
20873,59
20875,870
20876,73
20879,869
20879,870
20886,874
20888,105
20892,987
20892,1067
20898,11
20923,868
20926,877
20926,5
20937,11
20945,875
20971,877
20971,11
20981,869
20982,877
20983,22
20985,883
20988,24
20988,2
21000,23
21001,59
21062,869
21064,877
21089,882
21090,882
21096,874
21099,877
21105,11
21107,11
21144,877
21155,875
21157,876
21166,5
21180,876
21187,2
21201,35
21201,63
21202,882
21207,876
21207,877
21219,12
21243,875
21252,90
21252,19
21255,90
21255,951
21268,868
21268,877
21280,873
21291,869
21294,877
21294,869
21295,877
21296,11
21296,914
21303,105
21303,68
21308,872
21308,5
21317,877
21317,871
21318,882
21320,105
21320,873
21351,869
21351,873
21363,11
21394,877
21394,5
21395,11
21396,905
21399,24
21415,70
21431,875
21434,11
21435,869
21438,11
21438,875
21460,882
21469,11
21474,874
21474,868
21475,11
21478,105
21478,11
21480,77
21480,875
21485,1034
21486,877
21488,11
21498,877
21500,100
21506,877
21510,873
21510,1068
21520,11
21532,877
21532,868
21545,877
21548,869
21565,880
21565,882
21568,11
21568,100
21575,914
21575,897
21588,2
21616,877
21617,105
21617,68
21619,874
21644,11
21667,878
21674,869
21682,877
21691,877
21692,34
21705,868
21716,12
21728,70
21745,33
21747,882
21755,869
21767,869
21767,870
21791,11
21803,105
21803,71
21813,873
21825,105
21825,880
21830,869
21830,874
21831,875
21841,33
21841,881
21856,105
21857,33
21857,68
21868,897
21877,11
21878,869
21878,870
21884,869
21898,11
21921,869
21924,873
21926,11
21931,869
21942,877
21951,874
21951,868
21975,882
21975,11
21975,20
21982,875
21989,873
21990,33
21990,11
22000,868
22004,869
22006,874
22024,19
22025,914
22031,11
22033,877
22035,11
22035,11
22048,5
22051,11
22051,11
22052,11
22052,898
22060,882
22060,868
22070,19
22073,875
22074,2
22082,868
22082,68
22083,868
22098,914
22101,877
22111,876
22117,2
22117,878
22126,914
22130,68
22132,869
22132,868
22135,874
22135,2
22143,877
22152,877
22154,875
22154,874
22177,68
22193,23
22211,2
22219,11
22234,876
22242,951
22244,878
22244,899
22261,869
22262,24
22262,914
22270,12
22289,33
22289,91
22300,68
22302,138
22302,912
22307,880
22307,68
22311,959
22315,873
22315,881
22320,11
22321,869
22321,874
22330,869
22330,11
22343,877
22343,868
22343,11
22346,882
22352,868
22356,878
22379,874
22392,1069
22392,2
22398,24
22398,869
22423,73
22429,869
22429,11
22431,11
22431,20
22436,897
22451,33
22463,880
22466,897
22476,877
22478,11
22478,105
22486,874
22488,11
22488,914
22491,24
22494,71
22498,24
22498,23
22510,16
22510,105
22518,275
22519,868
22520,869
22524,19
22536,874
22540,11
22569,11
22569,19
22572,869
22572,33
22590,877
22595,11
22614,882
22640,2
22651,882
22655,182
22655,63
22662,877
22731,1070
22741,877
22762,869
22767,877
22788,880
22788,869
22788,105
22793,11
22793,6
22794,893
22814,874
22826,869
22826,105
22826,897
22829,873
22859,82
22861,2
22862,11
22862,11
22870,874
22891,951
22916,877
22960,11
22963,11
22970,33
22983,882
22983,11
22983,20
22984,869
23010,877
23010,11
23018,77
23030,880
23030,105
23032,82
23038,11
23038,19
23043,869
23043,20
23045,875
23048,5
23048,872
23050,869
23051,2
23051,877
23056,877
23056,11
23059,873
23059,869
23060,868
23060,874
23069,23
23073,869
23076,11
23092,11
23098,877
23106,11
23108,11
23108,868
23109,877
23137,869
23154,91
23154,97
23154,33
23173,872
23173,5
23176,899
23179,11
23210,912
23230,877
23236,19
23251,882
23251,875
23255,882
23255,873
23260,876
23261,876
23273,882
23313,874
23319,905
23329,876
23329,877
23343,874
23353,869
23367,897
23367,16
23369,878
23375,868
23377,868
23380,11
23383,11
23388,105
23388,868
23391,68
23395,868
23412,877
23420,22
23420,139
23423,869
23443,2
23457,877
23460,880
23473,2
23473,1071
23492,877
23500,877
23500,869
23508,2
23510,275
23510,11
23519,11
23524,874
23528,19
23533,877
23543,880
23543,68
23547,275
23556,33
23556,2
23557,877
23557,883
23576,5
23579,182
23579,181
23589,11
23591,882
23591,24
23597,11
23597,988
23603,914
23603,914
23608,877
23625,868
23625,914
23649,874
23662,19
23672,11
23673,11
23719,182
23725,105
23747,11
23757,20
23757,11
23763,11
23764,874
23764,1072
23767,875
23767,11
23768,874
23772,105
23772,189
23773,11
23773,868
23775,872
23784,878
23784,59
23794,11
23806,877
23806,873
23820,11
23820,875
23826,1073
23831,275
23831,1062
23831,11
23833,873
23834,873
23842,882
23847,1074
23850,893
23853,877
23860,11
23864,11
23873,904
23875,877
23885,877
23902,868
23903,11
23919,63
23952,873
23962,905
23965,877
23965,873
23969,877
23971,2
23971,883
23972,921
23978,11
23980,5
23990,275
23990,105
23998,877
24004,22
24004,876
24017,11
24017,872
24020,275
24035,873
24035,33
24049,869
24056,2
24056,11
24060,15
24060,878
24116,877
24128,20
24128,887
24136,869
24136,68
24142,874
24142,59
24150,875
24158,59
24165,897
24173,33
24173,876
24185,893
24234,877
24234,959
24237,33
24255,915
24268,11
24279,33
24281,875
24285,5
24286,880
24286,105
24288,11
24288,22
24291,887
24291,181
24299,882
24313,2
24313,11
24316,882
24316,880
24336,877
24336,877
24349,105
24365,11
24365,914
24368,11
24369,876
24371,82
24376,869
24376,898
24380,24
24380,5
24380,951
24387,875
24392,875
24397,868
24397,870
24410,868
24415,898
24427,869
24427,874
24429,877
24457,1075
24459,876
24462,877
24462,19
24479,875
24479,34
24479,35
24496,16
24505,11
24511,24
24511,868
24511,22
24517,2
24541,869
24552,2
24563,1014
24610,869
24610,24
24620,11
24622,1065
24624,869
24634,877
24651,914
24652,11
24656,11
24659,11
24659,877
24663,873
24678,24
24678,23
24678,59
24691,70
24730,869
24746,880
24768,868
24788,82
24788,68
24792,873
24800,951
24805,11
24813,11
24826,872
24830,956
24856,874
24886,33
24913,869
24915,869
24915,877
24921,880
24921,913
24924,877
24942,877
24955,868
24957,868
24957,11
24966,275
24967,869
24974,34
24974,904
24997,105
24997,71
24998,893
24999,11
25002,5
25002,24
25009,897
25019,877
25019,19
25021,868
25046,874
25052,16
25052,105
25053,876
25085,877
25085,880
25088,875
25102,12
25107,872
25128,11
25132,921
25132,2
25133,874
25133,877
25161,11
25167,873
25167,880
25167,68
25181,874
25201,869
25225,869
25226,882
25230,77
25230,1076
25230,105
25239,911
25239,868
25259,874
25261,275
25261,11
25271,877
25273,11
25277,19
25284,877
25288,877
25289,22
25289,19
25299,105
25299,911
25314,68
25325,2
25331,33
25333,869
25333,880
25341,11
25341,19
25343,869
25362,11
25402,872
25406,882
25409,875
25414,33
25414,2
25414,35
25417,1077
25424,11
25434,5
25440,877
25440,11
25447,877
25450,91
25459,2
25466,105
25484,275
25484,921
25509,275
25509,921
25509,11
25516,1014
25519,105
25519,16
25520,877
25520,872
25531,105
25553,893
25582,11
25586,868
25587,878
25587,2
25593,33
25596,875
25603,2
25620,11
25624,868
25629,397
25641,875
25642,921
25682,877
25686,77
25686,875
25707,868
25735,951
25749,869
25751,928
25751,73
25756,869
25756,33
25791,22
25798,139
25803,11
25809,921
25815,2
25817,33
25817,33
25821,105
25824,876
25830,11
25857,873
25867,869
25867,873
25867,68
25885,11
25893,138
25895,914
25900,868
25920,11
25943,2
25943,878
25959,869
25959,16
25967,869
25997,875
25997,874
25998,875
25998,877
26016,880
26017,2
26019,275
26019,883
26019,12
26026,869
26038,875
26038,11
26046,869
26075,876
26079,869
26079,880
26079,914
26088,874
26088,873
26107,275
26107,882
26113,11
26118,877
26128,11
26129,869
26133,874
26138,11
26138,889
26141,275
26141,90
26141,951
26148,878
26155,882
26163,11
26164,1000
26167,11
26167,12
26182,869
26184,11
26215,105
26215,880
26220,2
26220,11
26220,875
26224,105
26224,880
26231,874
26232,5
26237,1014
26239,11
26253,11
26253,139
26267,873
26280,275
26282,874
26287,877
26294,12
26300,19
26310,11
26312,11
26313,868
26316,105
26322,827
26322,275
26365,878
26387,22
26392,877
26393,876
26428,947
26437,873
26437,868
26449,877
26479,869
26497,873
26497,33
26500,11
26512,2
26521,11
26521,921
26529,12
26531,870
26531,24
26531,874
26554,914
26556,16
26556,70
26556,878
26570,11
26587,68
26593,875
26596,869
26596,33
26614,877
26640,882
26644,882
26678,5
26696,105
26709,16
26709,878
26712,24
26714,68
26759,181
26759,2
26780,33
26780,77
26783,24
26783,869
26786,1078
26786,34
26786,1079
26788,16
26848,11
26858,12
26858,11
26869,16
26875,11
26880,11
26887,877
26897,873
26897,869
26897,105
26898,877
26903,1080
26903,1081
26912,875
26912,872
26932,11
26942,869
26945,877
26948,5
26966,877
26999,875
27006,878
27006,1082
27007,12
27007,1014
27008,871
27017,11
27022,877
27031,11
27032,877
27055,875
27067,869
27070,877
27070,876
27071,11
27077,869
27077,68
27091,11
27100,11
27110,878
27110,204
27111,869
27129,11
27135,898
27156,5
27156,5
27164,868
27164,869
27170,68
27170,893
27174,11
27176,869
27176,11
27176,874
27180,868
27184,875
27229,882
27229,911
27233,874
27242,2
27256,22
27256,23
27259,35
27259,34
27259,73
27264,877
27268,897
27268,878
27272,873
27284,11
27297,2
27297,19
27303,876
27343,868
27343,874
27364,887
27364,881
27364,868
27365,869
27365,870
27365,20
27391,893
27392,11
27396,914
27403,874
27403,877
27409,921
27426,869
27426,869
27430,2
27431,6
27431,1083
27435,11
27442,872
27444,11
27445,877
27462,880
27477,68
27477,71
27491,869
27496,22
27496,23
27496,2
27529,2
27529,875
27532,868
27534,982
27534,16
27534,105
27539,873
27547,11
27551,11
27572,11
27581,11
27609,33
27610,11
27613,877
27617,868
27644,877
27654,11
27658,24
27658,868
27667,11
27683,19
27695,877
27706,874
27708,874
27712,19
27717,878
27717,217
27717,138
27731,77
27731,2
27739,875
27783,877
27793,875
27813,105
27813,68
27813,880
27815,869
27815,877
27816,11
27821,12
27823,11
27823,868
27840,2
27842,975
27842,19
27849,882
27850,875
27851,138
27851,150
27870,877
27923,22
27942,880
27942,881
27954,868
27966,921
27966,872
27986,880
27986,887
27988,868
27996,59
28016,875
28024,6
28035,11
28036,873
28056,1014
28056,1052
28063,873
28063,105
28077,275
28096,877
28107,869
28113,24
28114,877
28114,868
28117,915
28120,875
28120,11
28128,873
28133,20
28133,887
28136,914
28145,876
28158,2
28162,11
28165,11
28167,11
28168,11
28183,34
28183,1084
28185,897
28185,899
28196,869
28196,914
28213,11
28241,12
28248,875
28248,2
28257,11
28267,869
28267,874
28274,877
28274,868
28283,11
28346,70
28348,105
28348,880
28356,897
28362,33
28369,877
28377,877
28384,11
28391,938
28392,11
28412,182
28414,875
28422,897
28437,869
28459,877
28474,11
28478,868
28478,24
28481,869
28481,873
28481,6
28498,877
28510,100
28514,878
28530,869
28530,868
28532,877
28533,872
28546,5
28546,921
28552,11
28565,869
28565,874
28589,1014
28604,11
28604,2
28611,1085
28633,11
28643,20
28643,869
28669,873
28680,914
28681,877
28681,869
28683,877
28683,869
28686,70
28694,875
28699,877
28714,869
28719,869
28723,33
28723,68
28727,869
28737,33
28746,11
28751,11
28762,875
28763,877
28765,868
28765,883
28769,868
28769,2
28784,897
28784,33
28802,882
28802,914
28802,11
28807,914
28823,869
28866,11
28866,868
28869,11
28879,33
28879,16
28879,34
28897,2
28910,875
28910,11
28924,877
28924,11
28928,869
28928,877
28930,878
28933,11
28943,59
28951,11
28959,11
28964,874
28966,138
28966,68
28976,878
28982,877
28982,876
28987,874
28989,869
28996,1086
28998,19
29001,868
29003,100
29010,951
29010,90
29013,11
29015,875
29017,77
29068,11
29068,868
29069,11
29069,19
29079,105
29079,877
29079,33
29085,875
29086,11
29086,874
29087,105
29096,869
29115,868
29123,22
29125,11
29125,868
29131,11
29134,874
29138,2
29145,105
29148,876
29148,875
29148,2
29152,19
29172,877
29195,873
29195,875
29206,105
29217,11
29232,868
29232,874
29242,877
29248,68
29248,904
29249,869
29250,33
29250,880
29266,875
29276,869
29279,869
29283,105
29283,73
29292,874
29295,11
29316,23
29327,877
29339,77
29341,869
29363,68
29363,875
29365,68
29365,912
29371,876
29374,11
29375,190
29375,56
29375,37
29376,11
29378,877
29378,875
29411,5
29438,877
29438,5
29440,877
29441,877
29441,868
29447,877
29453,876
29459,11
29464,868
29464,876
29474,873
29509,19
29510,70
29510,156
29524,880
29524,875
29529,882
29532,877
29547,876
29547,877
29562,872
29566,138
29582,874
29594,877
29597,71
29609,868
29673,105
29673,878
29673,59
29682,875
29682,68
29685,874
29707,19
29712,869
29712,24
29712,872
29718,875
29730,11
29730,874
29733,874
29734,877
29766,90
29811,874
29827,873
29846,11
29852,24
29852,2
29855,20
29858,11
29865,869
29865,870
29888,138
29895,869
29896,869
29905,869
29905,870
29907,873
29907,877
29944,873
29944,869
29952,882
29954,82
29954,880
29962,68
29969,874
29971,872
29971,34
29987,11
29992,877
30005,869
30005,870
30011,139
30016,915
30055,874
30061,11
30117,868
30124,893
30130,876
30147,90
30153,11
30153,875
30154,869
30174,912
30174,904
30193,11
30226,874
30226,868
30230,878
30248,19
30248,11
30251,873
30251,5
30252,882
30257,877
30258,882
30259,34
30259,91
30259,111
30263,11
30286,105
30287,11
30288,873
30292,869
30299,877
30300,265
30341,1014
30341,1052
30345,868
30370,275
30370,11
30379,889
30387,2
30399,914
30399,874
30400,875
30400,877
30423,872
30423,877
30426,181
30428,11
30456,869
30459,877
30460,138
30460,1087
30485,880
30500,24
30500,908
30500,5
30527,877
30532,11
30535,877
30542,11
30544,20
30562,873
30565,877
30567,11
30568,868
30574,2
30575,105
30575,68
30580,19
30587,5
30588,5
30604,68
30604,2
30617,869
30617,869
30620,869
30626,91
30640,875
30642,11
30656,877
30688,869
30704,11
30721,869
30721,68
30725,873
30767,70
30767,1088
30769,19
30771,105
30771,6
30783,1089
30785,877
30794,869
30794,877
30830,275
30830,11
30831,882
30831,914
30850,869
30853,877
30853,11
30856,100
30900,33
30914,873
30916,936
30917,68
30958,873
30962,873
30964,105
30985,2
30999,914
31011,77
31011,34
31012,869
31063,11
31071,2
31073,11
31081,869
31081,870
31081,16
31104,11
31111,875
31111,868
31135,869
31138,33
31149,873
31157,77
31157,11
31157,875
31180,875
31190,877
31235,951
31257,19
31266,24
31320,898
31332,2
31338,2
31338,24
31338,22
31343,868
31357,874
31403,868
31416,5
31435,876
31435,11
31438,874
31440,34
31440,938
31440,914
31475,11
31476,877
31481,872
31502,33
31535,873
31543,68
31543,16
31559,874
31580,70
31584,2
31600,868
31629,874
31641,877
31644,880
31649,2
31649,70
31655,11
31655,11
31670,893
31670,82
31670,1090
31677,877
31683,869
31696,882
31696,869
31701,869
31701,68
31703,869
31704,5
31707,869
31710,181
31713,2
31713,878
31717,2
31721,880
31721,105
31721,914
31738,11
31775,882
31778,875
31781,2
31783,138
31783,880
31800,33
31800,873
31815,1091
31815,1081
31815,11
31833,19
31835,897
31835,34
31840,16
31840,33
31840,870
31841,869
31843,105
31896,20
31920,5
31921,33
31968,139
31978,877
31981,877
32016,873
32016,877
32017,873
32033,869